"","Estimate","Lower","Upper","analysis","classLandscape","area","contour","availPointsPer","samplingPattern","weighting","branches","species","indi","tf","td","sigColour"
"wrsfMethodsOUT_7_0.5_1_BADGER",NA,NA,NA,"wRSF",NA,NA,NA,NA,NA,NA,"wrsfMethodsOUT_7_0.5_1_BADGER","BADGER",1,2,7,NA
"wrsfMethodsOUT_7_0.5_1_VULTURE",NA,NA,NA,"wRSF",NA,NA,NA,NA,NA,NA,"wrsfMethodsOUT_7_0.5_1_VULTURE","VULTURE",1,2,7,NA
"wrsfMethodsOUT_7_0.5_1_KINGCOBRA",NA,NA,NA,"wRSF",NA,NA,NA,NA,NA,NA,"wrsfMethodsOUT_7_0.5_1_KINGCOBRA","KINGCOBRA",1,2,7,NA
"wrsfMethodsOUT_7_0.5_2_BADGER",NA,NA,NA,"wRSF",NA,NA,NA,NA,NA,NA,"wrsfMethodsOUT_7_0.5_2_BADGER","BADGER",2,2,7,NA
"wrsfMethodsOUT_7_0.5_2_VULTURE",NA,NA,NA,"wRSF",NA,NA,NA,NA,NA,NA,"wrsfMethodsOUT_7_0.5_2_VULTURE","VULTURE",2,2,7,NA
"wrsfMethodsOUT_7_0.5_2_KINGCOBRA",NA,NA,NA,"wRSF",NA,NA,NA,NA,NA,NA,"wrsfMethodsOUT_7_0.5_2_KINGCOBRA","KINGCOBRA",2,2,7,NA
"wrsfMethodsOUT_7_0.5_3_BADGER",NA,NA,NA,"wRSF",NA,NA,NA,NA,NA,NA,"wrsfMethodsOUT_7_0.5_3_BADGER","BADGER",3,2,7,NA
"wrsfMethodsOUT_7_0.5_3_VULTURE",NA,NA,NA,"wRSF",NA,NA,NA,NA,NA,NA,"wrsfMethodsOUT_7_0.5_3_VULTURE","VULTURE",3,2,7,NA
"wrsfMethodsOUT_7_0.5_3_KINGCOBRA",NA,NA,NA,"wRSF",NA,NA,NA,NA,NA,NA,"wrsfMethodsOUT_7_0.5_3_KINGCOBRA","KINGCOBRA",3,2,7,NA
"wrsfMethodsOUT_7_0.5_4_BADGER",NA,NA,NA,"wRSF",NA,NA,NA,NA,NA,NA,"wrsfMethodsOUT_7_0.5_4_BADGER","BADGER",4,2,7,NA
"wrsfMethodsOUT_7_0.5_4_VULTURE",NA,NA,NA,"wRSF",NA,NA,NA,NA,NA,NA,"wrsfMethodsOUT_7_0.5_4_VULTURE","VULTURE",4,2,7,NA
"wrsfMethodsOUT_7_0.5_4_KINGCOBRA",NA,NA,NA,"wRSF",NA,NA,NA,NA,NA,NA,"wrsfMethodsOUT_7_0.5_4_KINGCOBRA","KINGCOBRA",4,2,7,NA
"wrsfMethodsOUT_7_1_1_BADGER",NA,NA,NA,"wRSF",NA,NA,NA,NA,NA,NA,"wrsfMethodsOUT_7_1_1_BADGER","BADGER",1,1,7,NA
"wrsfMethodsOUT_7_1_1_VULTURE",NA,NA,NA,"wRSF",NA,NA,NA,NA,NA,NA,"wrsfMethodsOUT_7_1_1_VULTURE","VULTURE",1,1,7,NA
"wrsfMethodsOUT_7_1_1_KINGCOBRA",NA,NA,NA,"wRSF",NA,NA,NA,NA,NA,NA,"wrsfMethodsOUT_7_1_1_KINGCOBRA","KINGCOBRA",1,1,7,NA
"wrsfMethodsOUT_7_1_2_BADGER",NA,NA,NA,"wRSF",NA,NA,NA,NA,NA,NA,"wrsfMethodsOUT_7_1_2_BADGER","BADGER",2,1,7,NA
"wrsfMethodsOUT_7_1_2_VULTURE",NA,NA,NA,"wRSF",NA,NA,NA,NA,NA,NA,"wrsfMethodsOUT_7_1_2_VULTURE","VULTURE",2,1,7,NA
"wrsfMethodsOUT_7_1_2_KINGCOBRA",NA,NA,NA,"wRSF",NA,NA,NA,NA,NA,NA,"wrsfMethodsOUT_7_1_2_KINGCOBRA","KINGCOBRA",2,1,7,NA
"wrsfMethodsOUT_7_1_3_BADGER",NA,NA,NA,"wRSF",NA,NA,NA,NA,NA,NA,"wrsfMethodsOUT_7_1_3_BADGER","BADGER",3,1,7,NA
"wrsfMethodsOUT_7_1_3_VULTURE",NA,NA,NA,"wRSF",NA,NA,NA,NA,NA,NA,"wrsfMethodsOUT_7_1_3_VULTURE","VULTURE",3,1,7,NA
"wrsfMethodsOUT_7_1_3_KINGCOBRA",NA,NA,NA,"wRSF",NA,NA,NA,NA,NA,NA,"wrsfMethodsOUT_7_1_3_KINGCOBRA","KINGCOBRA",3,1,7,NA
"wrsfMethodsOUT_7_1_4_BADGER",NA,NA,NA,"wRSF",NA,NA,NA,NA,NA,NA,"wrsfMethodsOUT_7_1_4_BADGER","BADGER",4,1,7,NA
"wrsfMethodsOUT_7_1_4_VULTURE",NA,NA,NA,"wRSF",NA,NA,NA,NA,NA,NA,"wrsfMethodsOUT_7_1_4_VULTURE","VULTURE",4,1,7,NA
"wrsfMethodsOUT_7_1_4_KINGCOBRA",NA,NA,NA,"wRSF",NA,NA,NA,NA,NA,NA,"wrsfMethodsOUT_7_1_4_KINGCOBRA","KINGCOBRA",4,1,7,NA
"wrsfMethodsOUT_7_2_1_BADGER",NA,NA,NA,"wRSF",NA,NA,NA,NA,NA,NA,"wrsfMethodsOUT_7_2_1_BADGER","BADGER",1,0.5,7,NA
"wrsfMethodsOUT_7_2_1_VULTURE",NA,NA,NA,"wRSF",NA,NA,NA,NA,NA,NA,"wrsfMethodsOUT_7_2_1_VULTURE","VULTURE",1,0.5,7,NA
"wrsfMethodsOUT_7_2_1_KINGCOBRA",NA,NA,NA,"wRSF",NA,NA,NA,NA,NA,NA,"wrsfMethodsOUT_7_2_1_KINGCOBRA","KINGCOBRA",1,0.5,7,NA
"wrsfMethodsOUT_7_2_2_BADGER",NA,NA,NA,"wRSF",NA,NA,NA,NA,NA,NA,"wrsfMethodsOUT_7_2_2_BADGER","BADGER",2,0.5,7,NA
"wrsfMethodsOUT_7_2_2_VULTURE",NA,NA,NA,"wRSF",NA,NA,NA,NA,NA,NA,"wrsfMethodsOUT_7_2_2_VULTURE","VULTURE",2,0.5,7,NA
"wrsfMethodsOUT_7_2_2_KINGCOBRA",NA,NA,NA,"wRSF",NA,NA,NA,NA,NA,NA,"wrsfMethodsOUT_7_2_2_KINGCOBRA","KINGCOBRA",2,0.5,7,NA
"wrsfMethodsOUT_7_2_3_BADGER",NA,NA,NA,"wRSF",NA,NA,NA,NA,NA,NA,"wrsfMethodsOUT_7_2_3_BADGER","BADGER",3,0.5,7,NA
"wrsfMethodsOUT_7_2_3_VULTURE",NA,NA,NA,"wRSF",NA,NA,NA,NA,NA,NA,"wrsfMethodsOUT_7_2_3_VULTURE","VULTURE",3,0.5,7,NA
"wrsfMethodsOUT_7_2_3_KINGCOBRA",NA,NA,NA,"wRSF",NA,NA,NA,NA,NA,NA,"wrsfMethodsOUT_7_2_3_KINGCOBRA","KINGCOBRA",3,0.5,7,NA
"wrsfMethodsOUT_7_2_4_BADGER",NA,NA,NA,"wRSF",NA,NA,NA,NA,NA,NA,"wrsfMethodsOUT_7_2_4_BADGER","BADGER",4,0.5,7,NA
"wrsfMethodsOUT_7_2_4_VULTURE",NA,NA,NA,"wRSF",NA,NA,NA,NA,NA,NA,"wrsfMethodsOUT_7_2_4_VULTURE","VULTURE",4,0.5,7,NA
"wrsfMethodsOUT_7_2_4_KINGCOBRA",NA,NA,NA,"wRSF",NA,NA,NA,NA,NA,NA,"wrsfMethodsOUT_7_2_4_KINGCOBRA","KINGCOBRA",4,0.5,7,NA
"wrsfMethodsOUT_15_0.5_1_BADGER.est",-0.101337396665243,-4.41141795556522,4.20874316223473,"wRSF","classRaster",NA,NA,NA,NA,NA,"wrsfMethodsOUT_15_0.5_1_BADGER.est","BADGER",1,2,15,"no effect"
"wrsfMethodsOUT_15_0.5_1_BADGER.est1",0.805017216040304,-2.15608071746442,3.76611514954503,"wRSF","classRasterScram",NA,NA,NA,NA,NA,"wrsfMethodsOUT_15_0.5_1_BADGER.est1","BADGER",1,2,15,"no effect"
"wrsfMethodsOUT_15_0.5_1_VULTURE.est",-0.160313148372285,-4.37697528806478,4.05634899132021,"wRSF","classRaster",NA,NA,NA,NA,NA,"wrsfMethodsOUT_15_0.5_1_VULTURE.est","VULTURE",1,2,15,"no effect"
"wrsfMethodsOUT_15_0.5_1_VULTURE.est1",0.16410877621118,-2.70862758752996,3.03684513995232,"wRSF","classRasterScram",NA,NA,NA,NA,NA,"wrsfMethodsOUT_15_0.5_1_VULTURE.est1","VULTURE",1,2,15,"no effect"
"wrsfMethodsOUT_15_0.5_1_KINGCOBRA.est",-2.85030564605542,-6.66845748238209,0.967846190271251,"wRSF","classRaster",NA,NA,NA,NA,NA,"wrsfMethodsOUT_15_0.5_1_KINGCOBRA.est","KINGCOBRA",1,2,15,"no effect"
"wrsfMethodsOUT_15_0.5_1_KINGCOBRA.est1",3.85028471705105,-2.63035420439621,10.3309236384983,"wRSF","classRasterScram",NA,NA,NA,NA,NA,"wrsfMethodsOUT_15_0.5_1_KINGCOBRA.est1","KINGCOBRA",1,2,15,"no effect"
"wrsfMethodsOUT_15_0.5_2_BADGER.est",2.07546572598894,-1.80428017915641,5.9552116311343,"wRSF","classRaster",NA,NA,NA,NA,NA,"wrsfMethodsOUT_15_0.5_2_BADGER.est","BADGER",2,2,15,"no effect"
"wrsfMethodsOUT_15_0.5_2_BADGER.est1",1.20945744034638,-2.06657780285953,4.48549268355229,"wRSF","classRasterScram",NA,NA,NA,NA,NA,"wrsfMethodsOUT_15_0.5_2_BADGER.est1","BADGER",2,2,15,"no effect"
"wrsfMethodsOUT_15_0.5_2_VULTURE.est",0.00389173379429008,-3.46185688582081,3.46964035340939,"wRSF","classRaster",NA,NA,NA,NA,NA,"wrsfMethodsOUT_15_0.5_2_VULTURE.est","VULTURE",2,2,15,"no effect"
"wrsfMethodsOUT_15_0.5_2_VULTURE.est1",0.248339558513141,-2.64365672948269,3.14033584650897,"wRSF","classRasterScram",NA,NA,NA,NA,NA,"wrsfMethodsOUT_15_0.5_2_VULTURE.est1","VULTURE",2,2,15,"no effect"
"wrsfMethodsOUT_15_0.5_2_KINGCOBRA.est",1.15184828414684,-2.91692875258847,5.22062532088216,"wRSF","classRaster",NA,NA,NA,NA,NA,"wrsfMethodsOUT_15_0.5_2_KINGCOBRA.est","KINGCOBRA",2,2,15,"no effect"
"wrsfMethodsOUT_15_0.5_2_KINGCOBRA.est1",1.72399506283679,-2.06482765129069,5.51281777696428,"wRSF","classRasterScram",NA,NA,NA,NA,NA,"wrsfMethodsOUT_15_0.5_2_KINGCOBRA.est1","KINGCOBRA",2,2,15,"no effect"
"wrsfMethodsOUT_15_0.5_3_BADGER.est",0.894943165652309,-4.64292593758067,6.43281226888529,"wRSF","classRaster",NA,NA,NA,NA,NA,"wrsfMethodsOUT_15_0.5_3_BADGER.est","BADGER",3,2,15,"no effect"
"wrsfMethodsOUT_15_0.5_3_BADGER.est1",0.483881752557311,-5.01441000981372,5.98217351492834,"wRSF","classRasterScram",NA,NA,NA,NA,NA,"wrsfMethodsOUT_15_0.5_3_BADGER.est1","BADGER",3,2,15,"no effect"
"wrsfMethodsOUT_15_0.5_3_VULTURE.est",-0.0483696601109076,-4.88467854311055,4.78793922288874,"wRSF","classRaster",NA,NA,NA,NA,NA,"wrsfMethodsOUT_15_0.5_3_VULTURE.est","VULTURE",3,2,15,"no effect"
"wrsfMethodsOUT_15_0.5_3_VULTURE.est1",-0.00669618826396134,-2.83147107705933,2.81807870053141,"wRSF","classRasterScram",NA,NA,NA,NA,NA,"wrsfMethodsOUT_15_0.5_3_VULTURE.est1","VULTURE",3,2,15,"no effect"
"wrsfMethodsOUT_15_0.5_3_KINGCOBRA.est",0.360272554493469,-24.0247930564035,24.7453381653905,"wRSF","classRaster",NA,NA,NA,NA,NA,"wrsfMethodsOUT_15_0.5_3_KINGCOBRA.est","KINGCOBRA",3,2,15,"no effect"
"wrsfMethodsOUT_15_0.5_3_KINGCOBRA.est1",2.05833736457317,-2.69131829071895,6.80799301986529,"wRSF","classRasterScram",NA,NA,NA,NA,NA,"wrsfMethodsOUT_15_0.5_3_KINGCOBRA.est1","KINGCOBRA",3,2,15,"no effect"
"wrsfMethodsOUT_15_0.5_4_BADGER.est",3.03015871386816,-3.54824983611566,9.60856726385197,"wRSF","classRaster",NA,NA,NA,NA,NA,"wrsfMethodsOUT_15_0.5_4_BADGER.est","BADGER",4,2,15,"no effect"
"wrsfMethodsOUT_15_0.5_4_BADGER.est1",-0.669748263887397,-2.62231236036577,1.28281583259098,"wRSF","classRasterScram",NA,NA,NA,NA,NA,"wrsfMethodsOUT_15_0.5_4_BADGER.est1","BADGER",4,2,15,"no effect"
"wrsfMethodsOUT_15_0.5_4_VULTURE.est",0.835379038623131,-3.91441763035235,5.58517570759861,"wRSF","classRaster",NA,NA,NA,NA,NA,"wrsfMethodsOUT_15_0.5_4_VULTURE.est","VULTURE",4,2,15,"no effect"
"wrsfMethodsOUT_15_0.5_4_VULTURE.est1",0.502391656511182,-3.77565192034709,4.78043523336945,"wRSF","classRasterScram",NA,NA,NA,NA,NA,"wrsfMethodsOUT_15_0.5_4_VULTURE.est1","VULTURE",4,2,15,"no effect"
"wrsfMethodsOUT_15_0.5_4_KINGCOBRA.est",2.31038109328401,-3.61483986290665,8.23560204947467,"wRSF","classRaster",NA,NA,NA,NA,NA,"wrsfMethodsOUT_15_0.5_4_KINGCOBRA.est","KINGCOBRA",4,2,15,"no effect"
"wrsfMethodsOUT_15_0.5_4_KINGCOBRA.est1",-0.117496436371417,-3.55070006579053,3.3157071930477,"wRSF","classRasterScram",NA,NA,NA,NA,NA,"wrsfMethodsOUT_15_0.5_4_KINGCOBRA.est1","KINGCOBRA",4,2,15,"no effect"
"wrsfMethodsOUT_15_1_1_BADGER",NA,NA,NA,"wRSF",NA,NA,NA,NA,NA,NA,"wrsfMethodsOUT_15_1_1_BADGER","BADGER",1,1,15,NA
"wrsfMethodsOUT_15_1_1_VULTURE",NA,NA,NA,"wRSF",NA,NA,NA,NA,NA,NA,"wrsfMethodsOUT_15_1_1_VULTURE","VULTURE",1,1,15,NA
"wrsfMethodsOUT_15_1_1_KINGCOBRA",NA,NA,NA,"wRSF",NA,NA,NA,NA,NA,NA,"wrsfMethodsOUT_15_1_1_KINGCOBRA","KINGCOBRA",1,1,15,NA
"wrsfMethodsOUT_15_1_2_BADGER",NA,NA,NA,"wRSF",NA,NA,NA,NA,NA,NA,"wrsfMethodsOUT_15_1_2_BADGER","BADGER",2,1,15,NA
"wrsfMethodsOUT_15_1_2_VULTURE",NA,NA,NA,"wRSF",NA,NA,NA,NA,NA,NA,"wrsfMethodsOUT_15_1_2_VULTURE","VULTURE",2,1,15,NA
"wrsfMethodsOUT_15_1_2_KINGCOBRA",NA,NA,NA,"wRSF",NA,NA,NA,NA,NA,NA,"wrsfMethodsOUT_15_1_2_KINGCOBRA","KINGCOBRA",2,1,15,NA
"wrsfMethodsOUT_15_1_3_BADGER",NA,NA,NA,"wRSF",NA,NA,NA,NA,NA,NA,"wrsfMethodsOUT_15_1_3_BADGER","BADGER",3,1,15,NA
"wrsfMethodsOUT_15_1_3_VULTURE",NA,NA,NA,"wRSF",NA,NA,NA,NA,NA,NA,"wrsfMethodsOUT_15_1_3_VULTURE","VULTURE",3,1,15,NA
"wrsfMethodsOUT_15_1_3_KINGCOBRA",NA,NA,NA,"wRSF",NA,NA,NA,NA,NA,NA,"wrsfMethodsOUT_15_1_3_KINGCOBRA","KINGCOBRA",3,1,15,NA
"wrsfMethodsOUT_15_1_4_BADGER",NA,NA,NA,"wRSF",NA,NA,NA,NA,NA,NA,"wrsfMethodsOUT_15_1_4_BADGER","BADGER",4,1,15,NA
"wrsfMethodsOUT_15_1_4_VULTURE",NA,NA,NA,"wRSF",NA,NA,NA,NA,NA,NA,"wrsfMethodsOUT_15_1_4_VULTURE","VULTURE",4,1,15,NA
"wrsfMethodsOUT_15_1_4_KINGCOBRA",NA,NA,NA,"wRSF",NA,NA,NA,NA,NA,NA,"wrsfMethodsOUT_15_1_4_KINGCOBRA","KINGCOBRA",4,1,15,NA
"wrsfMethodsOUT_15_2_1_BADGER.est",-0.0235818280062148,-3.97196151227954,3.92479785626711,"wRSF","classRaster",NA,NA,NA,NA,NA,"wrsfMethodsOUT_15_2_1_BADGER.est","BADGER",1,0.5,15,"no effect"
"wrsfMethodsOUT_15_2_1_BADGER.est1",0.17648829107876,-2.12056721039215,2.47354379254967,"wRSF","classRasterScram",NA,NA,NA,NA,NA,"wrsfMethodsOUT_15_2_1_BADGER.est1","BADGER",1,0.5,15,"no effect"
"wrsfMethodsOUT_15_2_1_VULTURE.est",-0.00421567268465075,-3.45012295848709,3.44169161311779,"wRSF","classRaster",NA,NA,NA,NA,NA,"wrsfMethodsOUT_15_2_1_VULTURE.est","VULTURE",1,0.5,15,"no effect"
"wrsfMethodsOUT_15_2_1_VULTURE.est1",0.571543793938849,-2.08688362727213,3.22997121514983,"wRSF","classRasterScram",NA,NA,NA,NA,NA,"wrsfMethodsOUT_15_2_1_VULTURE.est1","VULTURE",1,0.5,15,"no effect"
"wrsfMethodsOUT_15_2_1_KINGCOBRA.est",-2.79013930404882,-5.90324363958143,0.322965031483785,"wRSF","classRaster",NA,NA,NA,NA,NA,"wrsfMethodsOUT_15_2_1_KINGCOBRA.est","KINGCOBRA",1,0.5,15,"no effect"
"wrsfMethodsOUT_15_2_1_KINGCOBRA.est1",3.55218816031252,-1.33778696791694,8.44216328854199,"wRSF","classRasterScram",NA,NA,NA,NA,NA,"wrsfMethodsOUT_15_2_1_KINGCOBRA.est1","KINGCOBRA",1,0.5,15,"no effect"
"wrsfMethodsOUT_15_2_2_BADGER.est",2.30555867372349,-1.80208657546421,6.41320392291119,"wRSF","classRaster",NA,NA,NA,NA,NA,"wrsfMethodsOUT_15_2_2_BADGER.est","BADGER",2,0.5,15,"no effect"
"wrsfMethodsOUT_15_2_2_BADGER.est1",2.34622691464469,-1.56936916195881,6.26182299124819,"wRSF","classRasterScram",NA,NA,NA,NA,NA,"wrsfMethodsOUT_15_2_2_BADGER.est1","BADGER",2,0.5,15,"no effect"
"wrsfMethodsOUT_15_2_2_VULTURE.est",-0.47832665158498,-2.86222405662446,1.9055707534545,"wRSF","classRaster",NA,NA,NA,NA,NA,"wrsfMethodsOUT_15_2_2_VULTURE.est","VULTURE",2,0.5,15,"no effect"
"wrsfMethodsOUT_15_2_2_VULTURE.est1",0.944366910041529,-1.93648922962142,3.82522304970448,"wRSF","classRasterScram",NA,NA,NA,NA,NA,"wrsfMethodsOUT_15_2_2_VULTURE.est1","VULTURE",2,0.5,15,"no effect"
"wrsfMethodsOUT_15_2_2_KINGCOBRA.est",1.99294112947474,-2.86715698609588,6.85303924504535,"wRSF","classRaster",NA,NA,NA,NA,NA,"wrsfMethodsOUT_15_2_2_KINGCOBRA.est","KINGCOBRA",2,0.5,15,"no effect"
"wrsfMethodsOUT_15_2_2_KINGCOBRA.est1",1.36864329641323,-1.48544648664483,4.2227330794713,"wRSF","classRasterScram",NA,NA,NA,NA,NA,"wrsfMethodsOUT_15_2_2_KINGCOBRA.est1","KINGCOBRA",2,0.5,15,"no effect"
"wrsfMethodsOUT_15_2_3_BADGER.est",0.460266783850686,-2.64932246131232,3.56985602901369,"wRSF","classRaster",NA,NA,NA,NA,NA,"wrsfMethodsOUT_15_2_3_BADGER.est","BADGER",3,0.5,15,"no effect"
"wrsfMethodsOUT_15_2_3_BADGER.est1",0.246136943078082,-3.14811076301075,3.64038464916692,"wRSF","classRasterScram",NA,NA,NA,NA,NA,"wrsfMethodsOUT_15_2_3_BADGER.est1","BADGER",3,0.5,15,"no effect"
"wrsfMethodsOUT_15_2_3_VULTURE.est",-0.834390037926898,-3.50629614725269,1.83751607139889,"wRSF","classRaster",NA,NA,NA,NA,NA,"wrsfMethodsOUT_15_2_3_VULTURE.est","VULTURE",3,0.5,15,"no effect"
"wrsfMethodsOUT_15_2_3_VULTURE.est1",0.327144211070698,-2.17610222304697,2.83039064518837,"wRSF","classRasterScram",NA,NA,NA,NA,NA,"wrsfMethodsOUT_15_2_3_VULTURE.est1","VULTURE",3,0.5,15,"no effect"
"wrsfMethodsOUT_15_2_3_KINGCOBRA.est",1.46965999608679,-36.0798092754374,39.019129267611,"wRSF","classRaster",NA,NA,NA,NA,NA,"wrsfMethodsOUT_15_2_3_KINGCOBRA.est","KINGCOBRA",3,0.5,15,"no effect"
"wrsfMethodsOUT_15_2_3_KINGCOBRA.est1",1.63791990598496,-2.65257725086334,5.92841706283326,"wRSF","classRasterScram",NA,NA,NA,NA,NA,"wrsfMethodsOUT_15_2_3_KINGCOBRA.est1","KINGCOBRA",3,0.5,15,"no effect"
"wrsfMethodsOUT_15_2_4_BADGER.est",1.81660775165126,-1.8880567401307,5.52127224343321,"wRSF","classRaster",NA,NA,NA,NA,NA,"wrsfMethodsOUT_15_2_4_BADGER.est","BADGER",4,0.5,15,"no effect"
"wrsfMethodsOUT_15_2_4_BADGER.est1",-1.04984578524468,-2.54285409383598,0.443162523346609,"wRSF","classRasterScram",NA,NA,NA,NA,NA,"wrsfMethodsOUT_15_2_4_BADGER.est1","BADGER",4,0.5,15,"no effect"
"wrsfMethodsOUT_15_2_4_VULTURE.est",1.45127693829862,-2.85314092930441,5.75569480590164,"wRSF","classRaster",NA,NA,NA,NA,NA,"wrsfMethodsOUT_15_2_4_VULTURE.est","VULTURE",4,0.5,15,"no effect"
"wrsfMethodsOUT_15_2_4_VULTURE.est1",0.947382064927515,-2.56287499489608,4.45763912475111,"wRSF","classRasterScram",NA,NA,NA,NA,NA,"wrsfMethodsOUT_15_2_4_VULTURE.est1","VULTURE",4,0.5,15,"no effect"
"wrsfMethodsOUT_15_2_4_KINGCOBRA.est",2.41077324425561,-2.87026790959428,7.6918143981055,"wRSF","classRaster",NA,NA,NA,NA,NA,"wrsfMethodsOUT_15_2_4_KINGCOBRA.est","KINGCOBRA",4,0.5,15,"no effect"
"wrsfMethodsOUT_15_2_4_KINGCOBRA.est1",0.0327416005201931,-2.84548344597763,2.91096664701801,"wRSF","classRasterScram",NA,NA,NA,NA,NA,"wrsfMethodsOUT_15_2_4_KINGCOBRA.est1","KINGCOBRA",4,0.5,15,"no effect"
"wrsfMethodsOUT_15_6_1_BADGER",NA,NA,NA,"wRSF",NA,NA,NA,NA,NA,NA,"wrsfMethodsOUT_15_6_1_BADGER","BADGER",1,0.166666666666667,15,NA
"wrsfMethodsOUT_15_6_1_VULTURE",NA,NA,NA,"wRSF",NA,NA,NA,NA,NA,NA,"wrsfMethodsOUT_15_6_1_VULTURE","VULTURE",1,0.166666666666667,15,NA
"wrsfMethodsOUT_15_6_1_KINGCOBRA",NA,NA,NA,"wRSF",NA,NA,NA,NA,NA,NA,"wrsfMethodsOUT_15_6_1_KINGCOBRA","KINGCOBRA",1,0.166666666666667,15,NA
"wrsfMethodsOUT_15_6_2_BADGER",NA,NA,NA,"wRSF",NA,NA,NA,NA,NA,NA,"wrsfMethodsOUT_15_6_2_BADGER","BADGER",2,0.166666666666667,15,NA
"wrsfMethodsOUT_15_6_2_VULTURE",NA,NA,NA,"wRSF",NA,NA,NA,NA,NA,NA,"wrsfMethodsOUT_15_6_2_VULTURE","VULTURE",2,0.166666666666667,15,NA
"wrsfMethodsOUT_15_6_2_KINGCOBRA",NA,NA,NA,"wRSF",NA,NA,NA,NA,NA,NA,"wrsfMethodsOUT_15_6_2_KINGCOBRA","KINGCOBRA",2,0.166666666666667,15,NA
"wrsfMethodsOUT_15_6_3_BADGER",NA,NA,NA,"wRSF",NA,NA,NA,NA,NA,NA,"wrsfMethodsOUT_15_6_3_BADGER","BADGER",3,0.166666666666667,15,NA
"wrsfMethodsOUT_15_6_3_VULTURE",NA,NA,NA,"wRSF",NA,NA,NA,NA,NA,NA,"wrsfMethodsOUT_15_6_3_VULTURE","VULTURE",3,0.166666666666667,15,NA
"wrsfMethodsOUT_15_6_3_KINGCOBRA",NA,NA,NA,"wRSF",NA,NA,NA,NA,NA,NA,"wrsfMethodsOUT_15_6_3_KINGCOBRA","KINGCOBRA",3,0.166666666666667,15,NA
"wrsfMethodsOUT_15_6_4_BADGER",NA,NA,NA,"wRSF",NA,NA,NA,NA,NA,NA,"wrsfMethodsOUT_15_6_4_BADGER","BADGER",4,0.166666666666667,15,NA
"wrsfMethodsOUT_15_6_4_VULTURE",NA,NA,NA,"wRSF",NA,NA,NA,NA,NA,NA,"wrsfMethodsOUT_15_6_4_VULTURE","VULTURE",4,0.166666666666667,15,NA
"wrsfMethodsOUT_15_6_4_KINGCOBRA",NA,NA,NA,"wRSF",NA,NA,NA,NA,NA,NA,"wrsfMethodsOUT_15_6_4_KINGCOBRA","KINGCOBRA",4,0.166666666666667,15,NA
"wrsfMethodsOUT_30_0.5_1_BADGER",NA,NA,NA,"wRSF",NA,NA,NA,NA,NA,NA,"wrsfMethodsOUT_30_0.5_1_BADGER","BADGER",1,2,30,NA
"wrsfMethodsOUT_30_0.5_1_VULTURE",NA,NA,NA,"wRSF",NA,NA,NA,NA,NA,NA,"wrsfMethodsOUT_30_0.5_1_VULTURE","VULTURE",1,2,30,NA
"wrsfMethodsOUT_30_0.5_1_KINGCOBRA",NA,NA,NA,"wRSF",NA,NA,NA,NA,NA,NA,"wrsfMethodsOUT_30_0.5_1_KINGCOBRA","KINGCOBRA",1,2,30,NA
"wrsfMethodsOUT_30_0.5_2_BADGER",NA,NA,NA,"wRSF",NA,NA,NA,NA,NA,NA,"wrsfMethodsOUT_30_0.5_2_BADGER","BADGER",2,2,30,NA
"wrsfMethodsOUT_30_0.5_2_VULTURE",NA,NA,NA,"wRSF",NA,NA,NA,NA,NA,NA,"wrsfMethodsOUT_30_0.5_2_VULTURE","VULTURE",2,2,30,NA
"wrsfMethodsOUT_30_0.5_2_KINGCOBRA",NA,NA,NA,"wRSF",NA,NA,NA,NA,NA,NA,"wrsfMethodsOUT_30_0.5_2_KINGCOBRA","KINGCOBRA",2,2,30,NA
"wrsfMethodsOUT_30_0.5_3_BADGER",NA,NA,NA,"wRSF",NA,NA,NA,NA,NA,NA,"wrsfMethodsOUT_30_0.5_3_BADGER","BADGER",3,2,30,NA
"wrsfMethodsOUT_30_0.5_3_VULTURE",NA,NA,NA,"wRSF",NA,NA,NA,NA,NA,NA,"wrsfMethodsOUT_30_0.5_3_VULTURE","VULTURE",3,2,30,NA
"wrsfMethodsOUT_30_0.5_3_KINGCOBRA",NA,NA,NA,"wRSF",NA,NA,NA,NA,NA,NA,"wrsfMethodsOUT_30_0.5_3_KINGCOBRA","KINGCOBRA",3,2,30,NA
"wrsfMethodsOUT_30_0.5_4_BADGER",NA,NA,NA,"wRSF",NA,NA,NA,NA,NA,NA,"wrsfMethodsOUT_30_0.5_4_BADGER","BADGER",4,2,30,NA
"wrsfMethodsOUT_30_0.5_4_VULTURE",NA,NA,NA,"wRSF",NA,NA,NA,NA,NA,NA,"wrsfMethodsOUT_30_0.5_4_VULTURE","VULTURE",4,2,30,NA
"wrsfMethodsOUT_30_0.5_4_KINGCOBRA",NA,NA,NA,"wRSF",NA,NA,NA,NA,NA,NA,"wrsfMethodsOUT_30_0.5_4_KINGCOBRA","KINGCOBRA",4,2,30,NA
"wrsfMethodsOUT_30_1_1_BADGER",NA,NA,NA,"wRSF",NA,NA,NA,NA,NA,NA,"wrsfMethodsOUT_30_1_1_BADGER","BADGER",1,1,30,NA
"wrsfMethodsOUT_30_1_1_VULTURE",NA,NA,NA,"wRSF",NA,NA,NA,NA,NA,NA,"wrsfMethodsOUT_30_1_1_VULTURE","VULTURE",1,1,30,NA
"wrsfMethodsOUT_30_1_1_KINGCOBRA",NA,NA,NA,"wRSF",NA,NA,NA,NA,NA,NA,"wrsfMethodsOUT_30_1_1_KINGCOBRA","KINGCOBRA",1,1,30,NA
"wrsfMethodsOUT_30_1_2_BADGER",NA,NA,NA,"wRSF",NA,NA,NA,NA,NA,NA,"wrsfMethodsOUT_30_1_2_BADGER","BADGER",2,1,30,NA
"wrsfMethodsOUT_30_1_2_VULTURE",NA,NA,NA,"wRSF",NA,NA,NA,NA,NA,NA,"wrsfMethodsOUT_30_1_2_VULTURE","VULTURE",2,1,30,NA
"wrsfMethodsOUT_30_1_2_KINGCOBRA",NA,NA,NA,"wRSF",NA,NA,NA,NA,NA,NA,"wrsfMethodsOUT_30_1_2_KINGCOBRA","KINGCOBRA",2,1,30,NA
"wrsfMethodsOUT_30_1_3_BADGER",NA,NA,NA,"wRSF",NA,NA,NA,NA,NA,NA,"wrsfMethodsOUT_30_1_3_BADGER","BADGER",3,1,30,NA
"wrsfMethodsOUT_30_1_3_VULTURE",NA,NA,NA,"wRSF",NA,NA,NA,NA,NA,NA,"wrsfMethodsOUT_30_1_3_VULTURE","VULTURE",3,1,30,NA
"wrsfMethodsOUT_30_1_3_KINGCOBRA",NA,NA,NA,"wRSF",NA,NA,NA,NA,NA,NA,"wrsfMethodsOUT_30_1_3_KINGCOBRA","KINGCOBRA",3,1,30,NA
"wrsfMethodsOUT_30_1_4_BADGER",NA,NA,NA,"wRSF",NA,NA,NA,NA,NA,NA,"wrsfMethodsOUT_30_1_4_BADGER","BADGER",4,1,30,NA
"wrsfMethodsOUT_30_1_4_VULTURE",NA,NA,NA,"wRSF",NA,NA,NA,NA,NA,NA,"wrsfMethodsOUT_30_1_4_VULTURE","VULTURE",4,1,30,NA
"wrsfMethodsOUT_30_1_4_KINGCOBRA",NA,NA,NA,"wRSF",NA,NA,NA,NA,NA,NA,"wrsfMethodsOUT_30_1_4_KINGCOBRA","KINGCOBRA",4,1,30,NA
"wrsfMethodsOUT_30_2_1_BADGER",NA,NA,NA,"wRSF",NA,NA,NA,NA,NA,NA,"wrsfMethodsOUT_30_2_1_BADGER","BADGER",1,0.5,30,NA
"wrsfMethodsOUT_30_2_1_VULTURE",NA,NA,NA,"wRSF",NA,NA,NA,NA,NA,NA,"wrsfMethodsOUT_30_2_1_VULTURE","VULTURE",1,0.5,30,NA
"wrsfMethodsOUT_30_2_1_KINGCOBRA",NA,NA,NA,"wRSF",NA,NA,NA,NA,NA,NA,"wrsfMethodsOUT_30_2_1_KINGCOBRA","KINGCOBRA",1,0.5,30,NA
"wrsfMethodsOUT_30_2_2_BADGER",NA,NA,NA,"wRSF",NA,NA,NA,NA,NA,NA,"wrsfMethodsOUT_30_2_2_BADGER","BADGER",2,0.5,30,NA
"wrsfMethodsOUT_30_2_2_VULTURE",NA,NA,NA,"wRSF",NA,NA,NA,NA,NA,NA,"wrsfMethodsOUT_30_2_2_VULTURE","VULTURE",2,0.5,30,NA
"wrsfMethodsOUT_30_2_2_KINGCOBRA",NA,NA,NA,"wRSF",NA,NA,NA,NA,NA,NA,"wrsfMethodsOUT_30_2_2_KINGCOBRA","KINGCOBRA",2,0.5,30,NA
"wrsfMethodsOUT_30_2_3_BADGER",NA,NA,NA,"wRSF",NA,NA,NA,NA,NA,NA,"wrsfMethodsOUT_30_2_3_BADGER","BADGER",3,0.5,30,NA
"wrsfMethodsOUT_30_2_3_VULTURE",NA,NA,NA,"wRSF",NA,NA,NA,NA,NA,NA,"wrsfMethodsOUT_30_2_3_VULTURE","VULTURE",3,0.5,30,NA
"wrsfMethodsOUT_30_2_3_KINGCOBRA",NA,NA,NA,"wRSF",NA,NA,NA,NA,NA,NA,"wrsfMethodsOUT_30_2_3_KINGCOBRA","KINGCOBRA",3,0.5,30,NA
"wrsfMethodsOUT_30_2_4_BADGER",NA,NA,NA,"wRSF",NA,NA,NA,NA,NA,NA,"wrsfMethodsOUT_30_2_4_BADGER","BADGER",4,0.5,30,NA
"wrsfMethodsOUT_30_2_4_VULTURE",NA,NA,NA,"wRSF",NA,NA,NA,NA,NA,NA,"wrsfMethodsOUT_30_2_4_VULTURE","VULTURE",4,0.5,30,NA
"wrsfMethodsOUT_30_2_4_KINGCOBRA",NA,NA,NA,"wRSF",NA,NA,NA,NA,NA,NA,"wrsfMethodsOUT_30_2_4_KINGCOBRA","KINGCOBRA",4,0.5,30,NA
"wrsfMethodsOUT_30_6_1_BADGER",NA,NA,NA,"wRSF",NA,NA,NA,NA,NA,NA,"wrsfMethodsOUT_30_6_1_BADGER","BADGER",1,0.166666666666667,30,NA
"wrsfMethodsOUT_30_6_1_VULTURE",NA,NA,NA,"wRSF",NA,NA,NA,NA,NA,NA,"wrsfMethodsOUT_30_6_1_VULTURE","VULTURE",1,0.166666666666667,30,NA
"wrsfMethodsOUT_30_6_1_KINGCOBRA",NA,NA,NA,"wRSF",NA,NA,NA,NA,NA,NA,"wrsfMethodsOUT_30_6_1_KINGCOBRA","KINGCOBRA",1,0.166666666666667,30,NA
"wrsfMethodsOUT_30_6_2_BADGER",NA,NA,NA,"wRSF",NA,NA,NA,NA,NA,NA,"wrsfMethodsOUT_30_6_2_BADGER","BADGER",2,0.166666666666667,30,NA
"wrsfMethodsOUT_30_6_2_VULTURE",NA,NA,NA,"wRSF",NA,NA,NA,NA,NA,NA,"wrsfMethodsOUT_30_6_2_VULTURE","VULTURE",2,0.166666666666667,30,NA
"wrsfMethodsOUT_30_6_2_KINGCOBRA",NA,NA,NA,"wRSF",NA,NA,NA,NA,NA,NA,"wrsfMethodsOUT_30_6_2_KINGCOBRA","KINGCOBRA",2,0.166666666666667,30,NA
"wrsfMethodsOUT_30_6_3_BADGER",NA,NA,NA,"wRSF",NA,NA,NA,NA,NA,NA,"wrsfMethodsOUT_30_6_3_BADGER","BADGER",3,0.166666666666667,30,NA
"wrsfMethodsOUT_30_6_3_VULTURE",NA,NA,NA,"wRSF",NA,NA,NA,NA,NA,NA,"wrsfMethodsOUT_30_6_3_VULTURE","VULTURE",3,0.166666666666667,30,NA
"wrsfMethodsOUT_30_6_3_KINGCOBRA",NA,NA,NA,"wRSF",NA,NA,NA,NA,NA,NA,"wrsfMethodsOUT_30_6_3_KINGCOBRA","KINGCOBRA",3,0.166666666666667,30,NA
"wrsfMethodsOUT_30_6_4_BADGER",NA,NA,NA,"wRSF",NA,NA,NA,NA,NA,NA,"wrsfMethodsOUT_30_6_4_BADGER","BADGER",4,0.166666666666667,30,NA
"wrsfMethodsOUT_30_6_4_VULTURE",NA,NA,NA,"wRSF",NA,NA,NA,NA,NA,NA,"wrsfMethodsOUT_30_6_4_VULTURE","VULTURE",4,0.166666666666667,30,NA
"wrsfMethodsOUT_30_6_4_KINGCOBRA",NA,NA,NA,"wRSF",NA,NA,NA,NA,NA,NA,"wrsfMethodsOUT_30_6_4_KINGCOBRA","KINGCOBRA",4,0.166666666666667,30,NA
"wrsfMethodsOUT_30_12_1_BADGER",NA,NA,NA,"wRSF",NA,NA,NA,NA,NA,NA,"wrsfMethodsOUT_30_12_1_BADGER","BADGER",1,0.0833333333333333,30,NA
"wrsfMethodsOUT_30_12_1_VULTURE",NA,NA,NA,"wRSF",NA,NA,NA,NA,NA,NA,"wrsfMethodsOUT_30_12_1_VULTURE","VULTURE",1,0.0833333333333333,30,NA
"wrsfMethodsOUT_30_12_1_KINGCOBRA",NA,NA,NA,"wRSF",NA,NA,NA,NA,NA,NA,"wrsfMethodsOUT_30_12_1_KINGCOBRA","KINGCOBRA",1,0.0833333333333333,30,NA
"wrsfMethodsOUT_30_12_2_BADGER",NA,NA,NA,"wRSF",NA,NA,NA,NA,NA,NA,"wrsfMethodsOUT_30_12_2_BADGER","BADGER",2,0.0833333333333333,30,NA
"wrsfMethodsOUT_30_12_2_VULTURE",NA,NA,NA,"wRSF",NA,NA,NA,NA,NA,NA,"wrsfMethodsOUT_30_12_2_VULTURE","VULTURE",2,0.0833333333333333,30,NA
"wrsfMethodsOUT_30_12_2_KINGCOBRA",NA,NA,NA,"wRSF",NA,NA,NA,NA,NA,NA,"wrsfMethodsOUT_30_12_2_KINGCOBRA","KINGCOBRA",2,0.0833333333333333,30,NA
"wrsfMethodsOUT_30_12_3_BADGER",NA,NA,NA,"wRSF",NA,NA,NA,NA,NA,NA,"wrsfMethodsOUT_30_12_3_BADGER","BADGER",3,0.0833333333333333,30,NA
"wrsfMethodsOUT_30_12_3_VULTURE",NA,NA,NA,"wRSF",NA,NA,NA,NA,NA,NA,"wrsfMethodsOUT_30_12_3_VULTURE","VULTURE",3,0.0833333333333333,30,NA
"wrsfMethodsOUT_30_12_3_KINGCOBRA",NA,NA,NA,"wRSF",NA,NA,NA,NA,NA,NA,"wrsfMethodsOUT_30_12_3_KINGCOBRA","KINGCOBRA",3,0.0833333333333333,30,NA
"wrsfMethodsOUT_30_12_4_BADGER",NA,NA,NA,"wRSF",NA,NA,NA,NA,NA,NA,"wrsfMethodsOUT_30_12_4_BADGER","BADGER",4,0.0833333333333333,30,NA
"wrsfMethodsOUT_30_12_4_VULTURE",NA,NA,NA,"wRSF",NA,NA,NA,NA,NA,NA,"wrsfMethodsOUT_30_12_4_VULTURE","VULTURE",4,0.0833333333333333,30,NA
"wrsfMethodsOUT_30_12_4_KINGCOBRA",NA,NA,NA,"wRSF",NA,NA,NA,NA,NA,NA,"wrsfMethodsOUT_30_12_4_KINGCOBRA","KINGCOBRA",4,0.0833333333333333,30,NA
"wrsfMethodsOUT_60_0.5_1_BADGER.est",0.310937760979478,-2.19415045165564,2.81602597361459,"wRSF","classRaster",NA,NA,NA,NA,NA,"wrsfMethodsOUT_60_0.5_1_BADGER.est","BADGER",1,2,60,"no effect"
"wrsfMethodsOUT_60_0.5_1_BADGER.est1",1.11527106702794,-0.411889233603777,2.64243136765965,"wRSF","classRasterScram",NA,NA,NA,NA,NA,"wrsfMethodsOUT_60_0.5_1_BADGER.est1","BADGER",1,2,60,"no effect"
"wrsfMethodsOUT_60_0.5_1_VULTURE.est",-0.228803186768227,-2.1626912796205,1.70508490608405,"wRSF","classRaster",NA,NA,NA,NA,NA,"wrsfMethodsOUT_60_0.5_1_VULTURE.est","VULTURE",1,2,60,"no effect"
"wrsfMethodsOUT_60_0.5_1_VULTURE.est1",0.354226038364123,-1.07017661660574,1.77862869333398,"wRSF","classRasterScram",NA,NA,NA,NA,NA,"wrsfMethodsOUT_60_0.5_1_VULTURE.est1","VULTURE",1,2,60,"no effect"
"wrsfMethodsOUT_60_0.5_1_KINGCOBRA.est",-0.0491656132324184,-3.31240275946305,3.21407153299822,"wRSF","classRaster",NA,NA,NA,NA,NA,"wrsfMethodsOUT_60_0.5_1_KINGCOBRA.est","KINGCOBRA",1,2,60,"no effect"
"wrsfMethodsOUT_60_0.5_1_KINGCOBRA.est1",2.59451319665804,0.321963279699375,4.86706311361671,"wRSF","classRasterScram",NA,NA,NA,NA,NA,"wrsfMethodsOUT_60_0.5_1_KINGCOBRA.est1","KINGCOBRA",1,2,60,"preference"
"wrsfMethodsOUT_60_0.5_2_BADGER.est",1.37405572959057,-0.0999761681048958,2.84808762728604,"wRSF","classRaster",NA,NA,NA,NA,NA,"wrsfMethodsOUT_60_0.5_2_BADGER.est","BADGER",2,2,60,"no effect"
"wrsfMethodsOUT_60_0.5_2_BADGER.est1",0.527857968546202,-1.16589992301736,2.22161586010977,"wRSF","classRasterScram",NA,NA,NA,NA,NA,"wrsfMethodsOUT_60_0.5_2_BADGER.est1","BADGER",2,2,60,"no effect"
"wrsfMethodsOUT_60_0.5_2_VULTURE.est",0.11876821074139,-1.53794001416613,1.77547643564891,"wRSF","classRaster",NA,NA,NA,NA,NA,"wrsfMethodsOUT_60_0.5_2_VULTURE.est","VULTURE",2,2,60,"no effect"
"wrsfMethodsOUT_60_0.5_2_VULTURE.est1",0.164068282958528,-1.18361108493373,1.51174765085078,"wRSF","classRasterScram",NA,NA,NA,NA,NA,"wrsfMethodsOUT_60_0.5_2_VULTURE.est1","VULTURE",2,2,60,"no effect"
"wrsfMethodsOUT_60_0.5_2_KINGCOBRA.est",0.671208459337762,-1.36644978495975,2.70886670363527,"wRSF","classRaster",NA,NA,NA,NA,NA,"wrsfMethodsOUT_60_0.5_2_KINGCOBRA.est","KINGCOBRA",2,2,60,"no effect"
"wrsfMethodsOUT_60_0.5_2_KINGCOBRA.est1",1.74583046357283,-0.344770043274944,3.8364309704206,"wRSF","classRasterScram",NA,NA,NA,NA,NA,"wrsfMethodsOUT_60_0.5_2_KINGCOBRA.est1","KINGCOBRA",2,2,60,"no effect"
"wrsfMethodsOUT_60_0.5_3_BADGER.est",0.644903174742927,-1.25934492483599,2.54915127432184,"wRSF","classRaster",NA,NA,NA,NA,NA,"wrsfMethodsOUT_60_0.5_3_BADGER.est","BADGER",3,2,60,"no effect"
"wrsfMethodsOUT_60_0.5_3_BADGER.est1",0.263112610722015,-1.64696567444057,2.1731908958846,"wRSF","classRasterScram",NA,NA,NA,NA,NA,"wrsfMethodsOUT_60_0.5_3_BADGER.est1","BADGER",3,2,60,"no effect"
"wrsfMethodsOUT_60_0.5_3_VULTURE.est",0.124454860529753,-1.8583664821952,2.10727620325471,"wRSF","classRaster",NA,NA,NA,NA,NA,"wrsfMethodsOUT_60_0.5_3_VULTURE.est","VULTURE",3,2,60,"no effect"
"wrsfMethodsOUT_60_0.5_3_VULTURE.est1",-0.0700761935180687,-1.37744748787471,1.23729510083858,"wRSF","classRasterScram",NA,NA,NA,NA,NA,"wrsfMethodsOUT_60_0.5_3_VULTURE.est1","VULTURE",3,2,60,"no effect"
"wrsfMethodsOUT_60_0.5_3_KINGCOBRA.est",-0.723304637308553,-5.80195763462787,4.35534836001076,"wRSF","classRaster",NA,NA,NA,NA,NA,"wrsfMethodsOUT_60_0.5_3_KINGCOBRA.est","KINGCOBRA",3,2,60,"no effect"
"wrsfMethodsOUT_60_0.5_3_KINGCOBRA.est1",1.83119132124261,-0.298966482913273,3.96134912539849,"wRSF","classRasterScram",NA,NA,NA,NA,NA,"wrsfMethodsOUT_60_0.5_3_KINGCOBRA.est1","KINGCOBRA",3,2,60,"no effect"
"wrsfMethodsOUT_60_0.5_4_BADGER.est",1.64260258819183,-0.0905318655092895,3.37573704189294,"wRSF","classRaster",NA,NA,NA,NA,NA,"wrsfMethodsOUT_60_0.5_4_BADGER.est","BADGER",4,2,60,"no effect"
"wrsfMethodsOUT_60_0.5_4_BADGER.est1",-0.757281062388073,-1.69118046014713,0.176618335370988,"wRSF","classRasterScram",NA,NA,NA,NA,NA,"wrsfMethodsOUT_60_0.5_4_BADGER.est1","BADGER",4,2,60,"no effect"
"wrsfMethodsOUT_60_0.5_4_VULTURE.est",0.123592014628756,-1.54640056083503,1.79358459009254,"wRSF","classRaster",NA,NA,NA,NA,NA,"wrsfMethodsOUT_60_0.5_4_VULTURE.est","VULTURE",4,2,60,"no effect"
"wrsfMethodsOUT_60_0.5_4_VULTURE.est1",-0.000547558991073265,-1.70142375337797,1.70032863539583,"wRSF","classRasterScram",NA,NA,NA,NA,NA,"wrsfMethodsOUT_60_0.5_4_VULTURE.est1","VULTURE",4,2,60,"no effect"
"wrsfMethodsOUT_60_0.5_4_KINGCOBRA.est",2.37877629371913,-0.98542077179457,5.74297335923282,"wRSF","classRaster",NA,NA,NA,NA,NA,"wrsfMethodsOUT_60_0.5_4_KINGCOBRA.est","KINGCOBRA",4,2,60,"no effect"
"wrsfMethodsOUT_60_0.5_4_KINGCOBRA.est1",0.41024712771629,-1.26995341625429,2.09044767168687,"wRSF","classRasterScram",NA,NA,NA,NA,NA,"wrsfMethodsOUT_60_0.5_4_KINGCOBRA.est1","KINGCOBRA",4,2,60,"no effect"
"wrsfMethodsOUT_60_1_1_BADGER",NA,NA,NA,"wRSF",NA,NA,NA,NA,NA,NA,"wrsfMethodsOUT_60_1_1_BADGER","BADGER",1,1,60,NA
"wrsfMethodsOUT_60_1_1_VULTURE",NA,NA,NA,"wRSF",NA,NA,NA,NA,NA,NA,"wrsfMethodsOUT_60_1_1_VULTURE","VULTURE",1,1,60,NA
"wrsfMethodsOUT_60_1_1_KINGCOBRA",NA,NA,NA,"wRSF",NA,NA,NA,NA,NA,NA,"wrsfMethodsOUT_60_1_1_KINGCOBRA","KINGCOBRA",1,1,60,NA
"wrsfMethodsOUT_60_1_2_BADGER",NA,NA,NA,"wRSF",NA,NA,NA,NA,NA,NA,"wrsfMethodsOUT_60_1_2_BADGER","BADGER",2,1,60,NA
"wrsfMethodsOUT_60_1_2_VULTURE",NA,NA,NA,"wRSF",NA,NA,NA,NA,NA,NA,"wrsfMethodsOUT_60_1_2_VULTURE","VULTURE",2,1,60,NA
"wrsfMethodsOUT_60_1_2_KINGCOBRA",NA,NA,NA,"wRSF",NA,NA,NA,NA,NA,NA,"wrsfMethodsOUT_60_1_2_KINGCOBRA","KINGCOBRA",2,1,60,NA
"wrsfMethodsOUT_60_1_3_BADGER",NA,NA,NA,"wRSF",NA,NA,NA,NA,NA,NA,"wrsfMethodsOUT_60_1_3_BADGER","BADGER",3,1,60,NA
"wrsfMethodsOUT_60_1_3_VULTURE",NA,NA,NA,"wRSF",NA,NA,NA,NA,NA,NA,"wrsfMethodsOUT_60_1_3_VULTURE","VULTURE",3,1,60,NA
"wrsfMethodsOUT_60_1_3_KINGCOBRA",NA,NA,NA,"wRSF",NA,NA,NA,NA,NA,NA,"wrsfMethodsOUT_60_1_3_KINGCOBRA","KINGCOBRA",3,1,60,NA
"wrsfMethodsOUT_60_1_4_BADGER",NA,NA,NA,"wRSF",NA,NA,NA,NA,NA,NA,"wrsfMethodsOUT_60_1_4_BADGER","BADGER",4,1,60,NA
"wrsfMethodsOUT_60_1_4_VULTURE",NA,NA,NA,"wRSF",NA,NA,NA,NA,NA,NA,"wrsfMethodsOUT_60_1_4_VULTURE","VULTURE",4,1,60,NA
"wrsfMethodsOUT_60_1_4_KINGCOBRA",NA,NA,NA,"wRSF",NA,NA,NA,NA,NA,NA,"wrsfMethodsOUT_60_1_4_KINGCOBRA","KINGCOBRA",4,1,60,NA
"wrsfMethodsOUT_60_2_1_BADGER.est",0.393936933204144,-2.01006744947221,2.7979413158805,"wRSF","classRaster",NA,NA,NA,NA,NA,"wrsfMethodsOUT_60_2_1_BADGER.est","BADGER",1,0.5,60,"no effect"
"wrsfMethodsOUT_60_2_1_BADGER.est1",1.79140431306908,0.142156743070584,3.44065188306758,"wRSF","classRasterScram",NA,NA,NA,NA,NA,"wrsfMethodsOUT_60_2_1_BADGER.est1","BADGER",1,0.5,60,"preference"
"wrsfMethodsOUT_60_2_1_VULTURE.est",-0.456407471370014,-2.05538269081678,1.14256774807675,"wRSF","classRaster",NA,NA,NA,NA,NA,"wrsfMethodsOUT_60_2_1_VULTURE.est","VULTURE",1,0.5,60,"no effect"
"wrsfMethodsOUT_60_2_1_VULTURE.est1",0.439897369335018,-0.816864155353272,1.69665889402331,"wRSF","classRasterScram",NA,NA,NA,NA,NA,"wrsfMethodsOUT_60_2_1_VULTURE.est1","VULTURE",1,0.5,60,"no effect"
"wrsfMethodsOUT_60_2_1_KINGCOBRA.est",-0.864626504451726,-2.96129254176695,1.2320395328635,"wRSF","classRaster",NA,NA,NA,NA,NA,"wrsfMethodsOUT_60_2_1_KINGCOBRA.est","KINGCOBRA",1,0.5,60,"no effect"
"wrsfMethodsOUT_60_2_1_KINGCOBRA.est1",3.37329891007719,1.04280916199307,5.70378865816131,"wRSF","classRasterScram",NA,NA,NA,NA,NA,"wrsfMethodsOUT_60_2_1_KINGCOBRA.est1","KINGCOBRA",1,0.5,60,"preference"
"wrsfMethodsOUT_60_2_2_BADGER.est",1.60896281025535,0.183241558187587,3.03468406232311,"wRSF","classRaster",NA,NA,NA,NA,NA,"wrsfMethodsOUT_60_2_2_BADGER.est","BADGER",2,0.5,60,"preference"
"wrsfMethodsOUT_60_2_2_BADGER.est1",0.686405685847877,-0.848453860775423,2.22126523247118,"wRSF","classRasterScram",NA,NA,NA,NA,NA,"wrsfMethodsOUT_60_2_2_BADGER.est1","BADGER",2,0.5,60,"no effect"
"wrsfMethodsOUT_60_2_2_VULTURE.est",0.13457338695756,-1.25807950258452,1.52722627649964,"wRSF","classRaster",NA,NA,NA,NA,NA,"wrsfMethodsOUT_60_2_2_VULTURE.est","VULTURE",2,0.5,60,"no effect"
"wrsfMethodsOUT_60_2_2_VULTURE.est1",0.816544201770193,-0.530806686438697,2.16389508997908,"wRSF","classRasterScram",NA,NA,NA,NA,NA,"wrsfMethodsOUT_60_2_2_VULTURE.est1","VULTURE",2,0.5,60,"no effect"
"wrsfMethodsOUT_60_2_2_KINGCOBRA.est",1.07746430695966,-0.618337433336928,2.77326604725624,"wRSF","classRaster",NA,NA,NA,NA,NA,"wrsfMethodsOUT_60_2_2_KINGCOBRA.est","KINGCOBRA",2,0.5,60,"no effect"
"wrsfMethodsOUT_60_2_2_KINGCOBRA.est1",1.43558405500502,-0.16892848333689,3.04009659334693,"wRSF","classRasterScram",NA,NA,NA,NA,NA,"wrsfMethodsOUT_60_2_2_KINGCOBRA.est1","KINGCOBRA",2,0.5,60,"no effect"
"wrsfMethodsOUT_60_2_3_BADGER.est",0.771424911468285,-0.77323616982209,2.31608599275866,"wRSF","classRaster",NA,NA,NA,NA,NA,"wrsfMethodsOUT_60_2_3_BADGER.est","BADGER",3,0.5,60,"no effect"
"wrsfMethodsOUT_60_2_3_BADGER.est1",-0.0954019217302881,-1.44793409196353,1.25713024850296,"wRSF","classRasterScram",NA,NA,NA,NA,NA,"wrsfMethodsOUT_60_2_3_BADGER.est1","BADGER",3,0.5,60,"no effect"
"wrsfMethodsOUT_60_2_3_VULTURE.est",0.00045286301327419,-1.59240332441004,1.59330905043658,"wRSF","classRaster",NA,NA,NA,NA,NA,"wrsfMethodsOUT_60_2_3_VULTURE.est","VULTURE",3,0.5,60,"no effect"
"wrsfMethodsOUT_60_2_3_VULTURE.est1",0.130911573751775,-1.05034337115158,1.31216651865513,"wRSF","classRasterScram",NA,NA,NA,NA,NA,"wrsfMethodsOUT_60_2_3_VULTURE.est1","VULTURE",3,0.5,60,"no effect"
"wrsfMethodsOUT_60_2_3_KINGCOBRA.est",0.00887891874469749,-5.74262427054434,5.76038210803373,"wRSF","classRaster",NA,NA,NA,NA,NA,"wrsfMethodsOUT_60_2_3_KINGCOBRA.est","KINGCOBRA",3,0.5,60,"no effect"
"wrsfMethodsOUT_60_2_3_KINGCOBRA.est1",2.1145352832649,0.180370117110368,4.04870044941943,"wRSF","classRasterScram",NA,NA,NA,NA,NA,"wrsfMethodsOUT_60_2_3_KINGCOBRA.est1","KINGCOBRA",3,0.5,60,"preference"
"wrsfMethodsOUT_60_2_4_BADGER.est",1.79497538876615,0.0760611296037919,3.51388964792851,"wRSF","classRaster",NA,NA,NA,NA,NA,"wrsfMethodsOUT_60_2_4_BADGER.est","BADGER",4,0.5,60,"preference"
"wrsfMethodsOUT_60_2_4_BADGER.est1",-0.762008792144924,-1.60443736823657,0.0804197839467254,"wRSF","classRasterScram",NA,NA,NA,NA,NA,"wrsfMethodsOUT_60_2_4_BADGER.est1","BADGER",4,0.5,60,"no effect"
"wrsfMethodsOUT_60_2_4_VULTURE.est",0.235114545403154,-1.14420853953585,1.61443763034216,"wRSF","classRaster",NA,NA,NA,NA,NA,"wrsfMethodsOUT_60_2_4_VULTURE.est","VULTURE",4,0.5,60,"no effect"
"wrsfMethodsOUT_60_2_4_VULTURE.est1",-0.0247096227585062,-1.36446422645296,1.31504498093594,"wRSF","classRasterScram",NA,NA,NA,NA,NA,"wrsfMethodsOUT_60_2_4_VULTURE.est1","VULTURE",4,0.5,60,"no effect"
"wrsfMethodsOUT_60_2_4_KINGCOBRA.est",1.76577517261514,-0.801949488135066,4.33349983336535,"wRSF","classRaster",NA,NA,NA,NA,NA,"wrsfMethodsOUT_60_2_4_KINGCOBRA.est","KINGCOBRA",4,0.5,60,"no effect"
"wrsfMethodsOUT_60_2_4_KINGCOBRA.est1",0.421889403202378,-1.12349136299434,1.9672701693991,"wRSF","classRasterScram",NA,NA,NA,NA,NA,"wrsfMethodsOUT_60_2_4_KINGCOBRA.est1","KINGCOBRA",4,0.5,60,"no effect"
"wrsfMethodsOUT_60_6_1_BADGER",NA,NA,NA,"wRSF",NA,NA,NA,NA,NA,NA,"wrsfMethodsOUT_60_6_1_BADGER","BADGER",1,0.166666666666667,60,NA
"wrsfMethodsOUT_60_6_1_VULTURE",NA,NA,NA,"wRSF",NA,NA,NA,NA,NA,NA,"wrsfMethodsOUT_60_6_1_VULTURE","VULTURE",1,0.166666666666667,60,NA
"wrsfMethodsOUT_60_6_1_KINGCOBRA",NA,NA,NA,"wRSF",NA,NA,NA,NA,NA,NA,"wrsfMethodsOUT_60_6_1_KINGCOBRA","KINGCOBRA",1,0.166666666666667,60,NA
"wrsfMethodsOUT_60_6_2_BADGER",NA,NA,NA,"wRSF",NA,NA,NA,NA,NA,NA,"wrsfMethodsOUT_60_6_2_BADGER","BADGER",2,0.166666666666667,60,NA
"wrsfMethodsOUT_60_6_2_VULTURE",NA,NA,NA,"wRSF",NA,NA,NA,NA,NA,NA,"wrsfMethodsOUT_60_6_2_VULTURE","VULTURE",2,0.166666666666667,60,NA
"wrsfMethodsOUT_60_6_2_KINGCOBRA",NA,NA,NA,"wRSF",NA,NA,NA,NA,NA,NA,"wrsfMethodsOUT_60_6_2_KINGCOBRA","KINGCOBRA",2,0.166666666666667,60,NA
"wrsfMethodsOUT_60_6_3_BADGER",NA,NA,NA,"wRSF",NA,NA,NA,NA,NA,NA,"wrsfMethodsOUT_60_6_3_BADGER","BADGER",3,0.166666666666667,60,NA
"wrsfMethodsOUT_60_6_3_VULTURE",NA,NA,NA,"wRSF",NA,NA,NA,NA,NA,NA,"wrsfMethodsOUT_60_6_3_VULTURE","VULTURE",3,0.166666666666667,60,NA
"wrsfMethodsOUT_60_6_3_KINGCOBRA",NA,NA,NA,"wRSF",NA,NA,NA,NA,NA,NA,"wrsfMethodsOUT_60_6_3_KINGCOBRA","KINGCOBRA",3,0.166666666666667,60,NA
"wrsfMethodsOUT_60_6_4_BADGER",NA,NA,NA,"wRSF",NA,NA,NA,NA,NA,NA,"wrsfMethodsOUT_60_6_4_BADGER","BADGER",4,0.166666666666667,60,NA
"wrsfMethodsOUT_60_6_4_VULTURE",NA,NA,NA,"wRSF",NA,NA,NA,NA,NA,NA,"wrsfMethodsOUT_60_6_4_VULTURE","VULTURE",4,0.166666666666667,60,NA
"wrsfMethodsOUT_60_6_4_KINGCOBRA",NA,NA,NA,"wRSF",NA,NA,NA,NA,NA,NA,"wrsfMethodsOUT_60_6_4_KINGCOBRA","KINGCOBRA",4,0.166666666666667,60,NA
"wrsfMethodsOUT_60_12_1_BADGER.est",1.52961891650539,-6.05068398721835,9.10992182022913,"wRSF","classRaster",NA,NA,NA,NA,NA,"wrsfMethodsOUT_60_12_1_BADGER.est","BADGER",1,0.0833333333333333,60,"no effect"
"wrsfMethodsOUT_60_12_1_BADGER.est1",2.01329713947119,-0.367281944271208,4.39387622321358,"wRSF","classRasterScram",NA,NA,NA,NA,NA,"wrsfMethodsOUT_60_12_1_BADGER.est1","BADGER",1,0.0833333333333333,60,"no effect"
"wrsfMethodsOUT_60_12_1_VULTURE.est",1.88800082789946,-4.7076879840281,8.48368963982702,"wRSF","classRaster",NA,NA,NA,NA,NA,"wrsfMethodsOUT_60_12_1_VULTURE.est","VULTURE",1,0.0833333333333333,60,"no effect"
"wrsfMethodsOUT_60_12_1_VULTURE.est1",1.53149226448189,-0.65319112310366,3.71617565206744,"wRSF","classRasterScram",NA,NA,NA,NA,NA,"wrsfMethodsOUT_60_12_1_VULTURE.est1","VULTURE",1,0.0833333333333333,60,"no effect"
"wrsfMethodsOUT_60_12_1_KINGCOBRA.est",-1.0711972752761,-3.54299211805354,1.40059756750134,"wRSF","classRaster",NA,NA,NA,NA,NA,"wrsfMethodsOUT_60_12_1_KINGCOBRA.est","KINGCOBRA",1,0.0833333333333333,60,"no effect"
"wrsfMethodsOUT_60_12_1_KINGCOBRA.est1",2.5255727811434,0.0262512078543335,5.02489435443247,"wRSF","classRasterScram",NA,NA,NA,NA,NA,"wrsfMethodsOUT_60_12_1_KINGCOBRA.est1","KINGCOBRA",1,0.0833333333333333,60,"preference"
"wrsfMethodsOUT_60_12_2_BADGER.est",2.52326684126198,0.0263417358034896,5.02019194672047,"wRSF","classRaster",NA,NA,NA,NA,NA,"wrsfMethodsOUT_60_12_2_BADGER.est","BADGER",2,0.0833333333333333,60,"preference"
"wrsfMethodsOUT_60_12_2_BADGER.est1",0.584474671358655,-1.23932089786514,2.40827024058246,"wRSF","classRasterScram",NA,NA,NA,NA,NA,"wrsfMethodsOUT_60_12_2_BADGER.est1","BADGER",2,0.0833333333333333,60,"no effect"
"wrsfMethodsOUT_60_12_2_VULTURE.est",5.3256419553591,-5.50219398043667,16.1534778911549,"wRSF","classRaster",NA,NA,NA,NA,NA,"wrsfMethodsOUT_60_12_2_VULTURE.est","VULTURE",2,0.0833333333333333,60,"no effect"
"wrsfMethodsOUT_60_12_2_VULTURE.est1",1.99033262008724,-0.229744016558309,4.2104092567328,"wRSF","classRasterScram",NA,NA,NA,NA,NA,"wrsfMethodsOUT_60_12_2_VULTURE.est1","VULTURE",2,0.0833333333333333,60,"no effect"
"wrsfMethodsOUT_60_12_2_KINGCOBRA.est",1.82225596871632,-1.02236187312332,4.66687381055595,"wRSF","classRaster",NA,NA,NA,NA,NA,"wrsfMethodsOUT_60_12_2_KINGCOBRA.est","KINGCOBRA",2,0.0833333333333333,60,"no effect"
"wrsfMethodsOUT_60_12_2_KINGCOBRA.est1",3.02080268437582,0.0522220518470151,5.98938331690463,"wRSF","classRasterScram",NA,NA,NA,NA,NA,"wrsfMethodsOUT_60_12_2_KINGCOBRA.est1","KINGCOBRA",2,0.0833333333333333,60,"preference"
"wrsfMethodsOUT_60_12_3_BADGER.est",0.117191358166717,-1.23580594094612,1.47018865727955,"wRSF","classRaster",NA,NA,NA,NA,NA,"wrsfMethodsOUT_60_12_3_BADGER.est","BADGER",3,0.0833333333333333,60,"no effect"
"wrsfMethodsOUT_60_12_3_BADGER.est1",-1.24398480228677,-2.46579180834093,-0.0221777962326013,"wRSF","classRasterScram",NA,NA,NA,NA,NA,"wrsfMethodsOUT_60_12_3_BADGER.est1","BADGER",3,0.0833333333333333,60,"avoidance"
"wrsfMethodsOUT_60_12_3_VULTURE.est",2.75690148909962,-5.31051503159383,10.8243180097931,"wRSF","classRaster",NA,NA,NA,NA,NA,"wrsfMethodsOUT_60_12_3_VULTURE.est","VULTURE",3,0.0833333333333333,60,"no effect"
"wrsfMethodsOUT_60_12_3_VULTURE.est1",0.0045262379978431,-1.34132428663265,1.35037676262834,"wRSF","classRasterScram",NA,NA,NA,NA,NA,"wrsfMethodsOUT_60_12_3_VULTURE.est1","VULTURE",3,0.0833333333333333,60,"no effect"
"wrsfMethodsOUT_60_12_3_KINGCOBRA.est",1.12766425550599,-9.95498858312303,12.210317094135,"wRSF","classRaster",NA,NA,NA,NA,NA,"wrsfMethodsOUT_60_12_3_KINGCOBRA.est","KINGCOBRA",3,0.0833333333333333,60,"no effect"
"wrsfMethodsOUT_60_12_3_KINGCOBRA.est1",6.16823372233596,0.915268263495479,11.4211991811764,"wRSF","classRasterScram",NA,NA,NA,NA,NA,"wrsfMethodsOUT_60_12_3_KINGCOBRA.est1","KINGCOBRA",3,0.0833333333333333,60,"preference"
"wrsfMethodsOUT_60_12_4_BADGER.est",1.18975915163503,-1.12058121109888,3.50009951436894,"wRSF","classRaster",NA,NA,NA,NA,NA,"wrsfMethodsOUT_60_12_4_BADGER.est","BADGER",4,0.0833333333333333,60,"no effect"
"wrsfMethodsOUT_60_12_4_BADGER.est1",-0.845611793164996,-1.91625742027014,0.22503383394015,"wRSF","classRasterScram",NA,NA,NA,NA,NA,"wrsfMethodsOUT_60_12_4_BADGER.est1","BADGER",4,0.0833333333333333,60,"no effect"
"wrsfMethodsOUT_60_12_4_VULTURE.est",-0.0292692160362807,-1.47127427341035,1.41273584133779,"wRSF","classRaster",NA,NA,NA,NA,NA,"wrsfMethodsOUT_60_12_4_VULTURE.est","VULTURE",4,0.0833333333333333,60,"no effect"
"wrsfMethodsOUT_60_12_4_VULTURE.est1",1.08182006326565,-0.976596414012182,3.14023654054349,"wRSF","classRasterScram",NA,NA,NA,NA,NA,"wrsfMethodsOUT_60_12_4_VULTURE.est1","VULTURE",4,0.0833333333333333,60,"no effect"
"wrsfMethodsOUT_60_12_4_KINGCOBRA.est",4.51749702086112,-3.76094209702236,12.7959361387446,"wRSF","classRaster",NA,NA,NA,NA,NA,"wrsfMethodsOUT_60_12_4_KINGCOBRA.est","KINGCOBRA",4,0.0833333333333333,60,"no effect"
"wrsfMethodsOUT_60_12_4_KINGCOBRA.est1",1.80858345310202,-0.746293352475511,4.36346025867954,"wRSF","classRasterScram",NA,NA,NA,NA,NA,"wrsfMethodsOUT_60_12_4_KINGCOBRA.est1","KINGCOBRA",4,0.0833333333333333,60,"no effect"
"wrsfMethodsOUT_60_24_1_BADGER",NA,NA,NA,"wRSF",NA,NA,NA,NA,NA,NA,"wrsfMethodsOUT_60_24_1_BADGER","BADGER",1,0.0416666666666667,60,NA
"wrsfMethodsOUT_60_24_1_VULTURE",NA,NA,NA,"wRSF",NA,NA,NA,NA,NA,NA,"wrsfMethodsOUT_60_24_1_VULTURE","VULTURE",1,0.0416666666666667,60,NA
"wrsfMethodsOUT_60_24_1_KINGCOBRA",NA,NA,NA,"wRSF",NA,NA,NA,NA,NA,NA,"wrsfMethodsOUT_60_24_1_KINGCOBRA","KINGCOBRA",1,0.0416666666666667,60,NA
"wrsfMethodsOUT_60_24_2_BADGER",NA,NA,NA,"wRSF",NA,NA,NA,NA,NA,NA,"wrsfMethodsOUT_60_24_2_BADGER","BADGER",2,0.0416666666666667,60,NA
"wrsfMethodsOUT_60_24_2_VULTURE",NA,NA,NA,"wRSF",NA,NA,NA,NA,NA,NA,"wrsfMethodsOUT_60_24_2_VULTURE","VULTURE",2,0.0416666666666667,60,NA
"wrsfMethodsOUT_60_24_2_KINGCOBRA",NA,NA,NA,"wRSF",NA,NA,NA,NA,NA,NA,"wrsfMethodsOUT_60_24_2_KINGCOBRA","KINGCOBRA",2,0.0416666666666667,60,NA
"wrsfMethodsOUT_60_24_3_BADGER",NA,NA,NA,"wRSF",NA,NA,NA,NA,NA,NA,"wrsfMethodsOUT_60_24_3_BADGER","BADGER",3,0.0416666666666667,60,NA
"wrsfMethodsOUT_60_24_3_VULTURE",NA,NA,NA,"wRSF",NA,NA,NA,NA,NA,NA,"wrsfMethodsOUT_60_24_3_VULTURE","VULTURE",3,0.0416666666666667,60,NA
"wrsfMethodsOUT_60_24_3_KINGCOBRA",NA,NA,NA,"wRSF",NA,NA,NA,NA,NA,NA,"wrsfMethodsOUT_60_24_3_KINGCOBRA","KINGCOBRA",3,0.0416666666666667,60,NA
"wrsfMethodsOUT_60_24_4_BADGER",NA,NA,NA,"wRSF",NA,NA,NA,NA,NA,NA,"wrsfMethodsOUT_60_24_4_BADGER","BADGER",4,0.0416666666666667,60,NA
"wrsfMethodsOUT_60_24_4_VULTURE",NA,NA,NA,"wRSF",NA,NA,NA,NA,NA,NA,"wrsfMethodsOUT_60_24_4_VULTURE","VULTURE",4,0.0416666666666667,60,NA
"wrsfMethodsOUT_60_24_4_KINGCOBRA",NA,NA,NA,"wRSF",NA,NA,NA,NA,NA,NA,"wrsfMethodsOUT_60_24_4_KINGCOBRA","KINGCOBRA",4,0.0416666666666667,60,NA
"wrsfMethodsOUT_120_0.5_1_BADGER",NA,NA,NA,"wRSF",NA,NA,NA,NA,NA,NA,"wrsfMethodsOUT_120_0.5_1_BADGER","BADGER",1,2,120,NA
"wrsfMethodsOUT_120_0.5_1_VULTURE",NA,NA,NA,"wRSF",NA,NA,NA,NA,NA,NA,"wrsfMethodsOUT_120_0.5_1_VULTURE","VULTURE",1,2,120,NA
"wrsfMethodsOUT_120_0.5_1_KINGCOBRA",NA,NA,NA,"wRSF",NA,NA,NA,NA,NA,NA,"wrsfMethodsOUT_120_0.5_1_KINGCOBRA","KINGCOBRA",1,2,120,NA
"wrsfMethodsOUT_120_0.5_2_BADGER",NA,NA,NA,"wRSF",NA,NA,NA,NA,NA,NA,"wrsfMethodsOUT_120_0.5_2_BADGER","BADGER",2,2,120,NA
"wrsfMethodsOUT_120_0.5_2_VULTURE",NA,NA,NA,"wRSF",NA,NA,NA,NA,NA,NA,"wrsfMethodsOUT_120_0.5_2_VULTURE","VULTURE",2,2,120,NA
"wrsfMethodsOUT_120_0.5_2_KINGCOBRA",NA,NA,NA,"wRSF",NA,NA,NA,NA,NA,NA,"wrsfMethodsOUT_120_0.5_2_KINGCOBRA","KINGCOBRA",2,2,120,NA
"wrsfMethodsOUT_120_0.5_3_BADGER",NA,NA,NA,"wRSF",NA,NA,NA,NA,NA,NA,"wrsfMethodsOUT_120_0.5_3_BADGER","BADGER",3,2,120,NA
"wrsfMethodsOUT_120_0.5_3_VULTURE",NA,NA,NA,"wRSF",NA,NA,NA,NA,NA,NA,"wrsfMethodsOUT_120_0.5_3_VULTURE","VULTURE",3,2,120,NA
"wrsfMethodsOUT_120_0.5_3_KINGCOBRA",NA,NA,NA,"wRSF",NA,NA,NA,NA,NA,NA,"wrsfMethodsOUT_120_0.5_3_KINGCOBRA","KINGCOBRA",3,2,120,NA
"wrsfMethodsOUT_120_0.5_4_BADGER",NA,NA,NA,"wRSF",NA,NA,NA,NA,NA,NA,"wrsfMethodsOUT_120_0.5_4_BADGER","BADGER",4,2,120,NA
"wrsfMethodsOUT_120_0.5_4_VULTURE",NA,NA,NA,"wRSF",NA,NA,NA,NA,NA,NA,"wrsfMethodsOUT_120_0.5_4_VULTURE","VULTURE",4,2,120,NA
"wrsfMethodsOUT_120_0.5_4_KINGCOBRA",NA,NA,NA,"wRSF",NA,NA,NA,NA,NA,NA,"wrsfMethodsOUT_120_0.5_4_KINGCOBRA","KINGCOBRA",4,2,120,NA
"wrsfMethodsOUT_120_1_1_BADGER",NA,NA,NA,"wRSF",NA,NA,NA,NA,NA,NA,"wrsfMethodsOUT_120_1_1_BADGER","BADGER",1,1,120,NA
"wrsfMethodsOUT_120_1_1_VULTURE",NA,NA,NA,"wRSF",NA,NA,NA,NA,NA,NA,"wrsfMethodsOUT_120_1_1_VULTURE","VULTURE",1,1,120,NA
"wrsfMethodsOUT_120_1_1_KINGCOBRA",NA,NA,NA,"wRSF",NA,NA,NA,NA,NA,NA,"wrsfMethodsOUT_120_1_1_KINGCOBRA","KINGCOBRA",1,1,120,NA
"wrsfMethodsOUT_120_1_2_BADGER",NA,NA,NA,"wRSF",NA,NA,NA,NA,NA,NA,"wrsfMethodsOUT_120_1_2_BADGER","BADGER",2,1,120,NA
"wrsfMethodsOUT_120_1_2_VULTURE",NA,NA,NA,"wRSF",NA,NA,NA,NA,NA,NA,"wrsfMethodsOUT_120_1_2_VULTURE","VULTURE",2,1,120,NA
"wrsfMethodsOUT_120_1_2_KINGCOBRA",NA,NA,NA,"wRSF",NA,NA,NA,NA,NA,NA,"wrsfMethodsOUT_120_1_2_KINGCOBRA","KINGCOBRA",2,1,120,NA
"wrsfMethodsOUT_120_1_3_BADGER",NA,NA,NA,"wRSF",NA,NA,NA,NA,NA,NA,"wrsfMethodsOUT_120_1_3_BADGER","BADGER",3,1,120,NA
"wrsfMethodsOUT_120_1_3_VULTURE",NA,NA,NA,"wRSF",NA,NA,NA,NA,NA,NA,"wrsfMethodsOUT_120_1_3_VULTURE","VULTURE",3,1,120,NA
"wrsfMethodsOUT_120_1_3_KINGCOBRA",NA,NA,NA,"wRSF",NA,NA,NA,NA,NA,NA,"wrsfMethodsOUT_120_1_3_KINGCOBRA","KINGCOBRA",3,1,120,NA
"wrsfMethodsOUT_120_1_4_BADGER",NA,NA,NA,"wRSF",NA,NA,NA,NA,NA,NA,"wrsfMethodsOUT_120_1_4_BADGER","BADGER",4,1,120,NA
"wrsfMethodsOUT_120_1_4_VULTURE",NA,NA,NA,"wRSF",NA,NA,NA,NA,NA,NA,"wrsfMethodsOUT_120_1_4_VULTURE","VULTURE",4,1,120,NA
"wrsfMethodsOUT_120_1_4_KINGCOBRA",NA,NA,NA,"wRSF",NA,NA,NA,NA,NA,NA,"wrsfMethodsOUT_120_1_4_KINGCOBRA","KINGCOBRA",4,1,120,NA
"wrsfMethodsOUT_120_2_1_BADGER",NA,NA,NA,"wRSF",NA,NA,NA,NA,NA,NA,"wrsfMethodsOUT_120_2_1_BADGER","BADGER",1,0.5,120,NA
"wrsfMethodsOUT_120_2_1_VULTURE",NA,NA,NA,"wRSF",NA,NA,NA,NA,NA,NA,"wrsfMethodsOUT_120_2_1_VULTURE","VULTURE",1,0.5,120,NA
"wrsfMethodsOUT_120_2_1_KINGCOBRA",NA,NA,NA,"wRSF",NA,NA,NA,NA,NA,NA,"wrsfMethodsOUT_120_2_1_KINGCOBRA","KINGCOBRA",1,0.5,120,NA
"wrsfMethodsOUT_120_2_2_BADGER",NA,NA,NA,"wRSF",NA,NA,NA,NA,NA,NA,"wrsfMethodsOUT_120_2_2_BADGER","BADGER",2,0.5,120,NA
"wrsfMethodsOUT_120_2_2_VULTURE",NA,NA,NA,"wRSF",NA,NA,NA,NA,NA,NA,"wrsfMethodsOUT_120_2_2_VULTURE","VULTURE",2,0.5,120,NA
"wrsfMethodsOUT_120_2_2_KINGCOBRA",NA,NA,NA,"wRSF",NA,NA,NA,NA,NA,NA,"wrsfMethodsOUT_120_2_2_KINGCOBRA","KINGCOBRA",2,0.5,120,NA
"wrsfMethodsOUT_120_2_3_BADGER",NA,NA,NA,"wRSF",NA,NA,NA,NA,NA,NA,"wrsfMethodsOUT_120_2_3_BADGER","BADGER",3,0.5,120,NA
"wrsfMethodsOUT_120_2_3_VULTURE",NA,NA,NA,"wRSF",NA,NA,NA,NA,NA,NA,"wrsfMethodsOUT_120_2_3_VULTURE","VULTURE",3,0.5,120,NA
"wrsfMethodsOUT_120_2_3_KINGCOBRA",NA,NA,NA,"wRSF",NA,NA,NA,NA,NA,NA,"wrsfMethodsOUT_120_2_3_KINGCOBRA","KINGCOBRA",3,0.5,120,NA
"wrsfMethodsOUT_120_2_4_BADGER",NA,NA,NA,"wRSF",NA,NA,NA,NA,NA,NA,"wrsfMethodsOUT_120_2_4_BADGER","BADGER",4,0.5,120,NA
"wrsfMethodsOUT_120_2_4_VULTURE",NA,NA,NA,"wRSF",NA,NA,NA,NA,NA,NA,"wrsfMethodsOUT_120_2_4_VULTURE","VULTURE",4,0.5,120,NA
"wrsfMethodsOUT_120_2_4_KINGCOBRA",NA,NA,NA,"wRSF",NA,NA,NA,NA,NA,NA,"wrsfMethodsOUT_120_2_4_KINGCOBRA","KINGCOBRA",4,0.5,120,NA
"wrsfMethodsOUT_120_6_1_BADGER",NA,NA,NA,"wRSF",NA,NA,NA,NA,NA,NA,"wrsfMethodsOUT_120_6_1_BADGER","BADGER",1,0.166666666666667,120,NA
"wrsfMethodsOUT_120_6_1_VULTURE",NA,NA,NA,"wRSF",NA,NA,NA,NA,NA,NA,"wrsfMethodsOUT_120_6_1_VULTURE","VULTURE",1,0.166666666666667,120,NA
"wrsfMethodsOUT_120_6_1_KINGCOBRA",NA,NA,NA,"wRSF",NA,NA,NA,NA,NA,NA,"wrsfMethodsOUT_120_6_1_KINGCOBRA","KINGCOBRA",1,0.166666666666667,120,NA
"wrsfMethodsOUT_120_6_2_BADGER",NA,NA,NA,"wRSF",NA,NA,NA,NA,NA,NA,"wrsfMethodsOUT_120_6_2_BADGER","BADGER",2,0.166666666666667,120,NA
"wrsfMethodsOUT_120_6_2_VULTURE",NA,NA,NA,"wRSF",NA,NA,NA,NA,NA,NA,"wrsfMethodsOUT_120_6_2_VULTURE","VULTURE",2,0.166666666666667,120,NA
"wrsfMethodsOUT_120_6_2_KINGCOBRA",NA,NA,NA,"wRSF",NA,NA,NA,NA,NA,NA,"wrsfMethodsOUT_120_6_2_KINGCOBRA","KINGCOBRA",2,0.166666666666667,120,NA
"wrsfMethodsOUT_120_6_3_BADGER",NA,NA,NA,"wRSF",NA,NA,NA,NA,NA,NA,"wrsfMethodsOUT_120_6_3_BADGER","BADGER",3,0.166666666666667,120,NA
"wrsfMethodsOUT_120_6_3_VULTURE",NA,NA,NA,"wRSF",NA,NA,NA,NA,NA,NA,"wrsfMethodsOUT_120_6_3_VULTURE","VULTURE",3,0.166666666666667,120,NA
"wrsfMethodsOUT_120_6_3_KINGCOBRA",NA,NA,NA,"wRSF",NA,NA,NA,NA,NA,NA,"wrsfMethodsOUT_120_6_3_KINGCOBRA","KINGCOBRA",3,0.166666666666667,120,NA
"wrsfMethodsOUT_120_6_4_BADGER",NA,NA,NA,"wRSF",NA,NA,NA,NA,NA,NA,"wrsfMethodsOUT_120_6_4_BADGER","BADGER",4,0.166666666666667,120,NA
"wrsfMethodsOUT_120_6_4_VULTURE",NA,NA,NA,"wRSF",NA,NA,NA,NA,NA,NA,"wrsfMethodsOUT_120_6_4_VULTURE","VULTURE",4,0.166666666666667,120,NA
"wrsfMethodsOUT_120_6_4_KINGCOBRA",NA,NA,NA,"wRSF",NA,NA,NA,NA,NA,NA,"wrsfMethodsOUT_120_6_4_KINGCOBRA","KINGCOBRA",4,0.166666666666667,120,NA
"wrsfMethodsOUT_120_12_1_BADGER.est",0.261366432748896,-1.48569050296231,2.0084233684601,"wRSF","classRaster",NA,NA,NA,NA,NA,"wrsfMethodsOUT_120_12_1_BADGER.est","BADGER",1,0.0833333333333333,120,"no effect"
"wrsfMethodsOUT_120_12_1_BADGER.est1",1.37848638462242,-0.034955369803209,2.79192813904804,"wRSF","classRasterScram",NA,NA,NA,NA,NA,"wrsfMethodsOUT_120_12_1_BADGER.est1","BADGER",1,0.0833333333333333,120,"no effect"
"wrsfMethodsOUT_120_12_1_VULTURE.est",0.249928168378396,-1.62582092786712,2.12567726462391,"wRSF","classRaster",NA,NA,NA,NA,NA,"wrsfMethodsOUT_120_12_1_VULTURE.est","VULTURE",1,0.0833333333333333,120,"no effect"
"wrsfMethodsOUT_120_12_1_VULTURE.est1",-0.273891116406286,-1.32902265826814,0.781240425455573,"wRSF","classRasterScram",NA,NA,NA,NA,NA,"wrsfMethodsOUT_120_12_1_VULTURE.est1","VULTURE",1,0.0833333333333333,120,"no effect"
"wrsfMethodsOUT_120_12_1_KINGCOBRA.est",-0.382434503770737,-2.36514415041741,1.60027514287594,"wRSF","classRaster",NA,NA,NA,NA,NA,"wrsfMethodsOUT_120_12_1_KINGCOBRA.est","KINGCOBRA",1,0.0833333333333333,120,"no effect"
"wrsfMethodsOUT_120_12_1_KINGCOBRA.est1",1.69858236632839,0.11946221012808,3.27770252252869,"wRSF","classRasterScram",NA,NA,NA,NA,NA,"wrsfMethodsOUT_120_12_1_KINGCOBRA.est1","KINGCOBRA",1,0.0833333333333333,120,"preference"
"wrsfMethodsOUT_120_12_2_BADGER.est",1.2920333074862,-0.0531086861286763,2.63717530110107,"wRSF","classRaster",NA,NA,NA,NA,NA,"wrsfMethodsOUT_120_12_2_BADGER.est","BADGER",2,0.0833333333333333,120,"no effect"
"wrsfMethodsOUT_120_12_2_BADGER.est1",0.000929569446901194,-1.19362592595962,1.19548506485342,"wRSF","classRasterScram",NA,NA,NA,NA,NA,"wrsfMethodsOUT_120_12_2_BADGER.est1","BADGER",2,0.0833333333333333,120,"no effect"
"wrsfMethodsOUT_120_12_2_VULTURE.est",0.250733135088156,-1.11398864874925,1.61545491892556,"wRSF","classRaster",NA,NA,NA,NA,NA,"wrsfMethodsOUT_120_12_2_VULTURE.est","VULTURE",2,0.0833333333333333,120,"no effect"
"wrsfMethodsOUT_120_12_2_VULTURE.est1",0.372437724002332,-0.69300637203809,1.43788182004275,"wRSF","classRasterScram",NA,NA,NA,NA,NA,"wrsfMethodsOUT_120_12_2_VULTURE.est1","VULTURE",2,0.0833333333333333,120,"no effect"
"wrsfMethodsOUT_120_12_2_KINGCOBRA.est",0.427481615489028,-1.05049121743934,1.90545444841739,"wRSF","classRaster",NA,NA,NA,NA,NA,"wrsfMethodsOUT_120_12_2_KINGCOBRA.est","KINGCOBRA",2,0.0833333333333333,120,"no effect"
"wrsfMethodsOUT_120_12_2_KINGCOBRA.est1",2.74832420538465,0.53080202588912,4.96584638488019,"wRSF","classRasterScram",NA,NA,NA,NA,NA,"wrsfMethodsOUT_120_12_2_KINGCOBRA.est1","KINGCOBRA",2,0.0833333333333333,120,"preference"
"wrsfMethodsOUT_120_12_3_BADGER.est",0.596927166850124,-0.555178710073256,1.7490330437735,"wRSF","classRaster",NA,NA,NA,NA,NA,"wrsfMethodsOUT_120_12_3_BADGER.est","BADGER",3,0.0833333333333333,120,"no effect"
"wrsfMethodsOUT_120_12_3_BADGER.est1",-0.0910860820728222,-1.1433530595198,0.961180895374152,"wRSF","classRasterScram",NA,NA,NA,NA,NA,"wrsfMethodsOUT_120_12_3_BADGER.est1","BADGER",3,0.0833333333333333,120,"no effect"
"wrsfMethodsOUT_120_12_3_VULTURE.est",0.603252256721658,-0.896517063599023,2.10302157704234,"wRSF","classRaster",NA,NA,NA,NA,NA,"wrsfMethodsOUT_120_12_3_VULTURE.est","VULTURE",3,0.0833333333333333,120,"no effect"
"wrsfMethodsOUT_120_12_3_VULTURE.est1",0.314476855626692,-0.701097315787468,1.33005102704085,"wRSF","classRasterScram",NA,NA,NA,NA,NA,"wrsfMethodsOUT_120_12_3_VULTURE.est1","VULTURE",3,0.0833333333333333,120,"no effect"
"wrsfMethodsOUT_120_12_3_KINGCOBRA.est",-0.223920601698732,-3.87709078162232,3.42924957822486,"wRSF","classRaster",NA,NA,NA,NA,NA,"wrsfMethodsOUT_120_12_3_KINGCOBRA.est","KINGCOBRA",3,0.0833333333333333,120,"no effect"
"wrsfMethodsOUT_120_12_3_KINGCOBRA.est1",2.88132266624798,0.470334260350748,5.29231107214521,"wRSF","classRasterScram",NA,NA,NA,NA,NA,"wrsfMethodsOUT_120_12_3_KINGCOBRA.est1","KINGCOBRA",3,0.0833333333333333,120,"preference"
"wrsfMethodsOUT_120_12_4_BADGER.est",1.21685903327949,-0.12808491930558,2.56180298586455,"wRSF","classRaster",NA,NA,NA,NA,NA,"wrsfMethodsOUT_120_12_4_BADGER.est","BADGER",4,0.0833333333333333,120,"no effect"
"wrsfMethodsOUT_120_12_4_BADGER.est1",-0.196755161013586,-1.18699337167251,0.793483049645333,"wRSF","classRasterScram",NA,NA,NA,NA,NA,"wrsfMethodsOUT_120_12_4_BADGER.est1","BADGER",4,0.0833333333333333,120,"no effect"
"wrsfMethodsOUT_120_12_4_VULTURE.est",0.0947755577447958,-0.99229317929466,1.18184429478425,"wRSF","classRaster",NA,NA,NA,NA,NA,"wrsfMethodsOUT_120_12_4_VULTURE.est","VULTURE",4,0.0833333333333333,120,"no effect"
"wrsfMethodsOUT_120_12_4_VULTURE.est1",1.12448590714937,-0.32010449936645,2.56907631366519,"wRSF","classRasterScram",NA,NA,NA,NA,NA,"wrsfMethodsOUT_120_12_4_VULTURE.est1","VULTURE",4,0.0833333333333333,120,"no effect"
"wrsfMethodsOUT_120_12_4_KINGCOBRA.est",5.28148823412232,-2.86851647892189,13.4314929471665,"wRSF","classRaster",NA,NA,NA,NA,NA,"wrsfMethodsOUT_120_12_4_KINGCOBRA.est","KINGCOBRA",4,0.0833333333333333,120,"no effect"
"wrsfMethodsOUT_120_12_4_KINGCOBRA.est1",0.947035141713087,-0.655152575813182,2.54922285923936,"wRSF","classRasterScram",NA,NA,NA,NA,NA,"wrsfMethodsOUT_120_12_4_KINGCOBRA.est1","KINGCOBRA",4,0.0833333333333333,120,"no effect"
"wrsfMethodsOUT_120_24_1_BADGER",NA,NA,NA,"wRSF",NA,NA,NA,NA,NA,NA,"wrsfMethodsOUT_120_24_1_BADGER","BADGER",1,0.0416666666666667,120,NA
"wrsfMethodsOUT_120_24_1_VULTURE",NA,NA,NA,"wRSF",NA,NA,NA,NA,NA,NA,"wrsfMethodsOUT_120_24_1_VULTURE","VULTURE",1,0.0416666666666667,120,NA
"wrsfMethodsOUT_120_24_1_KINGCOBRA",NA,NA,NA,"wRSF",NA,NA,NA,NA,NA,NA,"wrsfMethodsOUT_120_24_1_KINGCOBRA","KINGCOBRA",1,0.0416666666666667,120,NA
"wrsfMethodsOUT_120_24_2_BADGER",NA,NA,NA,"wRSF",NA,NA,NA,NA,NA,NA,"wrsfMethodsOUT_120_24_2_BADGER","BADGER",2,0.0416666666666667,120,NA
"wrsfMethodsOUT_120_24_2_VULTURE",NA,NA,NA,"wRSF",NA,NA,NA,NA,NA,NA,"wrsfMethodsOUT_120_24_2_VULTURE","VULTURE",2,0.0416666666666667,120,NA
"wrsfMethodsOUT_120_24_2_KINGCOBRA",NA,NA,NA,"wRSF",NA,NA,NA,NA,NA,NA,"wrsfMethodsOUT_120_24_2_KINGCOBRA","KINGCOBRA",2,0.0416666666666667,120,NA
"wrsfMethodsOUT_120_24_3_BADGER",NA,NA,NA,"wRSF",NA,NA,NA,NA,NA,NA,"wrsfMethodsOUT_120_24_3_BADGER","BADGER",3,0.0416666666666667,120,NA
"wrsfMethodsOUT_120_24_3_VULTURE",NA,NA,NA,"wRSF",NA,NA,NA,NA,NA,NA,"wrsfMethodsOUT_120_24_3_VULTURE","VULTURE",3,0.0416666666666667,120,NA
"wrsfMethodsOUT_120_24_3_KINGCOBRA",NA,NA,NA,"wRSF",NA,NA,NA,NA,NA,NA,"wrsfMethodsOUT_120_24_3_KINGCOBRA","KINGCOBRA",3,0.0416666666666667,120,NA
"wrsfMethodsOUT_120_24_4_BADGER",NA,NA,NA,"wRSF",NA,NA,NA,NA,NA,NA,"wrsfMethodsOUT_120_24_4_BADGER","BADGER",4,0.0416666666666667,120,NA
"wrsfMethodsOUT_120_24_4_VULTURE",NA,NA,NA,"wRSF",NA,NA,NA,NA,NA,NA,"wrsfMethodsOUT_120_24_4_VULTURE","VULTURE",4,0.0416666666666667,120,NA
"wrsfMethodsOUT_120_24_4_KINGCOBRA",NA,NA,NA,"wRSF",NA,NA,NA,NA,NA,NA,"wrsfMethodsOUT_120_24_4_KINGCOBRA","KINGCOBRA",4,0.0416666666666667,120,NA
"wrsfMethodsOUT_120_48_1_BADGER.est",1.31066481270563,-2.41011056882796,5.03144019423922,"wRSF","classRaster",NA,NA,NA,NA,NA,"wrsfMethodsOUT_120_48_1_BADGER.est","BADGER",1,0.0208333333333333,120,"no effect"
"wrsfMethodsOUT_120_48_1_BADGER.est1",1.30745140587775,-1.40269281215855,4.01759562391404,"wRSF","classRasterScram",NA,NA,NA,NA,NA,"wrsfMethodsOUT_120_48_1_BADGER.est1","BADGER",1,0.0208333333333333,120,"no effect"
"wrsfMethodsOUT_120_48_1_VULTURE.est",0.625010539265278,-2.15847372447768,3.40849480300824,"wRSF","classRaster",NA,NA,NA,NA,NA,"wrsfMethodsOUT_120_48_1_VULTURE.est","VULTURE",1,0.0208333333333333,120,"no effect"
"wrsfMethodsOUT_120_48_1_VULTURE.est1",0.0171990371586152,-1.89868322921617,1.9330813035334,"wRSF","classRasterScram",NA,NA,NA,NA,NA,"wrsfMethodsOUT_120_48_1_VULTURE.est1","VULTURE",1,0.0208333333333333,120,"no effect"
"wrsfMethodsOUT_120_48_1_KINGCOBRA.est",13.0166093836091,-83.1578320395914,109.19105080681,"wRSF","classRaster",NA,NA,NA,NA,NA,"wrsfMethodsOUT_120_48_1_KINGCOBRA.est","KINGCOBRA",1,0.0208333333333333,120,"no effect"
"wrsfMethodsOUT_120_48_1_KINGCOBRA.est1",0.492415547297161,-1.64844716849282,2.63327826308714,"wRSF","classRasterScram",NA,NA,NA,NA,NA,"wrsfMethodsOUT_120_48_1_KINGCOBRA.est1","KINGCOBRA",1,0.0208333333333333,120,"no effect"
"wrsfMethodsOUT_120_48_2_BADGER.est",-0.592292849854323,-1.93295815587466,0.748372456166012,"wRSF","classRaster",NA,NA,NA,NA,NA,"wrsfMethodsOUT_120_48_2_BADGER.est","BADGER",2,0.0208333333333333,120,"no effect"
"wrsfMethodsOUT_120_48_2_BADGER.est1",-0.247419859372225,-2.12012469152137,1.62528497277692,"wRSF","classRasterScram",NA,NA,NA,NA,NA,"wrsfMethodsOUT_120_48_2_BADGER.est1","BADGER",2,0.0208333333333333,120,"no effect"
"wrsfMethodsOUT_120_48_2_VULTURE.est",-0.776805446727816,-2.29941283670261,0.745801943246974,"wRSF","classRaster",NA,NA,NA,NA,NA,"wrsfMethodsOUT_120_48_2_VULTURE.est","VULTURE",2,0.0208333333333333,120,"no effect"
"wrsfMethodsOUT_120_48_2_VULTURE.est1",-1.12321318922798,-2.71850793277013,0.472081554314168,"wRSF","classRasterScram",NA,NA,NA,NA,NA,"wrsfMethodsOUT_120_48_2_VULTURE.est1","VULTURE",2,0.0208333333333333,120,"no effect"
"wrsfMethodsOUT_120_48_2_KINGCOBRA.est",0.0916323991351236,-2.20058605350669,2.38385085177694,"wRSF","classRaster",NA,NA,NA,NA,NA,"wrsfMethodsOUT_120_48_2_KINGCOBRA.est","KINGCOBRA",2,0.0208333333333333,120,"no effect"
"wrsfMethodsOUT_120_48_2_KINGCOBRA.est1",-1.07569730272142,-2.50531353920231,0.353918933759471,"wRSF","classRasterScram",NA,NA,NA,NA,NA,"wrsfMethodsOUT_120_48_2_KINGCOBRA.est1","KINGCOBRA",2,0.0208333333333333,120,"no effect"
"wrsfMethodsOUT_120_48_3_BADGER.est",-1.00138943934147,-2.23207824294536,0.229299364262416,"wRSF","classRaster",NA,NA,NA,NA,NA,"wrsfMethodsOUT_120_48_3_BADGER.est","BADGER",3,0.0208333333333333,120,"no effect"
"wrsfMethodsOUT_120_48_3_BADGER.est1",-0.0338202575396157,-1.88960620933134,1.82196569425211,"wRSF","classRasterScram",NA,NA,NA,NA,NA,"wrsfMethodsOUT_120_48_3_BADGER.est1","BADGER",3,0.0208333333333333,120,"no effect"
"wrsfMethodsOUT_120_48_3_VULTURE.est",-0.743872203360208,-2.23486381841507,0.747119411694655,"wRSF","classRaster",NA,NA,NA,NA,NA,"wrsfMethodsOUT_120_48_3_VULTURE.est","VULTURE",3,0.0208333333333333,120,"no effect"
"wrsfMethodsOUT_120_48_3_VULTURE.est1",-0.466104275497002,-2.26337180190151,1.3311632509075,"wRSF","classRasterScram",NA,NA,NA,NA,NA,"wrsfMethodsOUT_120_48_3_VULTURE.est1","VULTURE",3,0.0208333333333333,120,"no effect"
"wrsfMethodsOUT_120_48_3_KINGCOBRA.est",-1.62117955305249,-4.30395618738553,1.06159708128054,"wRSF","classRaster",NA,NA,NA,NA,NA,"wrsfMethodsOUT_120_48_3_KINGCOBRA.est","KINGCOBRA",3,0.0208333333333333,120,"no effect"
"wrsfMethodsOUT_120_48_3_KINGCOBRA.est1",1.99080285677146,-1.26435250180342,5.24595821534635,"wRSF","classRasterScram",NA,NA,NA,NA,NA,"wrsfMethodsOUT_120_48_3_KINGCOBRA.est1","KINGCOBRA",3,0.0208333333333333,120,"no effect"
"wrsfMethodsOUT_120_48_4_BADGER.est",-1.2871769568724,-2.39655499316219,-0.177798920582609,"wRSF","classRaster",NA,NA,NA,NA,NA,"wrsfMethodsOUT_120_48_4_BADGER.est","BADGER",4,0.0208333333333333,120,"avoidance"
"wrsfMethodsOUT_120_48_4_BADGER.est1",0.00536622603858786,-1.99089729592749,2.00162974800466,"wRSF","classRasterScram",NA,NA,NA,NA,NA,"wrsfMethodsOUT_120_48_4_BADGER.est1","BADGER",4,0.0208333333333333,120,"no effect"
"wrsfMethodsOUT_120_48_4_VULTURE.est",-1.01397990851052,-2.29333211343739,0.265372296416342,"wRSF","classRaster",NA,NA,NA,NA,NA,"wrsfMethodsOUT_120_48_4_VULTURE.est","VULTURE",4,0.0208333333333333,120,"no effect"
"wrsfMethodsOUT_120_48_4_VULTURE.est1",0.174374199990612,-1.82205249762566,2.17080089760688,"wRSF","classRasterScram",NA,NA,NA,NA,NA,"wrsfMethodsOUT_120_48_4_VULTURE.est1","VULTURE",4,0.0208333333333333,120,"no effect"
"wrsfMethodsOUT_120_48_4_KINGCOBRA.est",2.22310599872456,-2.74069043739196,7.18690243484108,"wRSF","classRaster",NA,NA,NA,NA,NA,"wrsfMethodsOUT_120_48_4_KINGCOBRA.est","KINGCOBRA",4,0.0208333333333333,120,"no effect"
"wrsfMethodsOUT_120_48_4_KINGCOBRA.est1",-0.0220611938734486,-2.23580864099602,2.19168625324912,"wRSF","classRasterScram",NA,NA,NA,NA,NA,"wrsfMethodsOUT_120_48_4_KINGCOBRA.est1","KINGCOBRA",4,0.0208333333333333,120,"no effect"
"wrsfMethodsOUT_240_0.5_1_BADGER.est",0.588066584481313,-0.471191544934715,1.64732471389734,"wRSF","classRaster",NA,NA,NA,NA,NA,"wrsfMethodsOUT_240_0.5_1_BADGER.est","BADGER",1,2,240,"no effect"
"wrsfMethodsOUT_240_0.5_1_BADGER.est1",0.583396944121274,-0.203982941832775,1.37077683007532,"wRSF","classRasterScram",NA,NA,NA,NA,NA,"wrsfMethodsOUT_240_0.5_1_BADGER.est1","BADGER",1,2,240,"no effect"
"wrsfMethodsOUT_240_0.5_1_VULTURE.est",-0.0106026401572002,-0.969284685918564,0.948079405604163,"wRSF","classRaster",NA,NA,NA,NA,NA,"wrsfMethodsOUT_240_0.5_1_VULTURE.est","VULTURE",1,2,240,"no effect"
"wrsfMethodsOUT_240_0.5_1_VULTURE.est1",0.0848398338294996,-0.615554842914666,0.785234510573665,"wRSF","classRasterScram",NA,NA,NA,NA,NA,"wrsfMethodsOUT_240_0.5_1_VULTURE.est1","VULTURE",1,2,240,"no effect"
"wrsfMethodsOUT_240_0.5_1_KINGCOBRA.est",0.366675565930852,-1.17256257219507,1.90591370405678,"wRSF","classRaster",NA,NA,NA,NA,NA,"wrsfMethodsOUT_240_0.5_1_KINGCOBRA.est","KINGCOBRA",1,2,240,"no effect"
"wrsfMethodsOUT_240_0.5_1_KINGCOBRA.est1",1.72958782892341,0.436538830281752,3.02263682756506,"wRSF","classRasterScram",NA,NA,NA,NA,NA,"wrsfMethodsOUT_240_0.5_1_KINGCOBRA.est1","KINGCOBRA",1,2,240,"preference"
"wrsfMethodsOUT_240_0.5_2_BADGER.est",0.739704080401487,-0.00236783728389889,1.48177599808687,"wRSF","classRaster",NA,NA,NA,NA,NA,"wrsfMethodsOUT_240_0.5_2_BADGER.est","BADGER",2,2,240,"no effect"
"wrsfMethodsOUT_240_0.5_2_BADGER.est1",0.0985681427981972,-0.732511263790624,0.929647549387018,"wRSF","classRasterScram",NA,NA,NA,NA,NA,"wrsfMethodsOUT_240_0.5_2_BADGER.est1","BADGER",2,2,240,"no effect"
"wrsfMethodsOUT_240_0.5_2_VULTURE.est",0.168819339474417,-0.724120881772214,1.06175956072105,"wRSF","classRaster",NA,NA,NA,NA,NA,"wrsfMethodsOUT_240_0.5_2_VULTURE.est","VULTURE",2,2,240,"no effect"
"wrsfMethodsOUT_240_0.5_2_VULTURE.est1",0.0760995861643825,-0.633966772873002,0.786165945201767,"wRSF","classRasterScram",NA,NA,NA,NA,NA,"wrsfMethodsOUT_240_0.5_2_VULTURE.est1","VULTURE",2,2,240,"no effect"
"wrsfMethodsOUT_240_0.5_2_KINGCOBRA.est",0.318048256089648,-0.810293728529106,1.4463902407084,"wRSF","classRaster",NA,NA,NA,NA,NA,"wrsfMethodsOUT_240_0.5_2_KINGCOBRA.est","KINGCOBRA",2,2,240,"no effect"
"wrsfMethodsOUT_240_0.5_2_KINGCOBRA.est1",1.25559425295097,0.00426146489328394,2.50692704100865,"wRSF","classRasterScram",NA,NA,NA,NA,NA,"wrsfMethodsOUT_240_0.5_2_KINGCOBRA.est1","KINGCOBRA",2,2,240,"preference"
"wrsfMethodsOUT_240_0.5_3_BADGER.est",0.370100193959625,-0.609726830822873,1.34992721874212,"wRSF","classRaster",NA,NA,NA,NA,NA,"wrsfMethodsOUT_240_0.5_3_BADGER.est","BADGER",3,2,240,"no effect"
"wrsfMethodsOUT_240_0.5_3_BADGER.est1",0.0641914094710344,-0.937725105064298,1.06610792400637,"wRSF","classRasterScram",NA,NA,NA,NA,NA,"wrsfMethodsOUT_240_0.5_3_BADGER.est1","BADGER",3,2,240,"no effect"
"wrsfMethodsOUT_240_0.5_3_VULTURE.est",0.159396090846211,-0.679795341965434,0.998587523657857,"wRSF","classRaster",NA,NA,NA,NA,NA,"wrsfMethodsOUT_240_0.5_3_VULTURE.est","VULTURE",3,2,240,"no effect"
"wrsfMethodsOUT_240_0.5_3_VULTURE.est1",-0.00852999429567837,-0.675396435990704,0.658336447399347,"wRSF","classRasterScram",NA,NA,NA,NA,NA,"wrsfMethodsOUT_240_0.5_3_VULTURE.est1","VULTURE",3,2,240,"no effect"
"wrsfMethodsOUT_240_0.5_3_KINGCOBRA.est",-0.827708658073654,-3.04499445244674,1.38957713629943,"wRSF","classRaster",NA,NA,NA,NA,NA,"wrsfMethodsOUT_240_0.5_3_KINGCOBRA.est","KINGCOBRA",3,2,240,"no effect"
"wrsfMethodsOUT_240_0.5_3_KINGCOBRA.est1",1.42605486343925,0.203409965071433,2.64869976180707,"wRSF","classRasterScram",NA,NA,NA,NA,NA,"wrsfMethodsOUT_240_0.5_3_KINGCOBRA.est1","KINGCOBRA",3,2,240,"preference"
"wrsfMethodsOUT_240_0.5_4_BADGER.est",0.846136658052674,0.0711894594426574,1.62108385666269,"wRSF","classRaster",NA,NA,NA,NA,NA,"wrsfMethodsOUT_240_0.5_4_BADGER.est","BADGER",4,2,240,"preference"
"wrsfMethodsOUT_240_0.5_4_BADGER.est1",-0.483638909034697,-1.10742330873297,0.140145490663578,"wRSF","classRasterScram",NA,NA,NA,NA,NA,"wrsfMethodsOUT_240_0.5_4_BADGER.est1","BADGER",4,2,240,"no effect"
"wrsfMethodsOUT_240_0.5_4_VULTURE.est",0.417330531659826,-0.451082158746684,1.28574322206634,"wRSF","classRaster",NA,NA,NA,NA,NA,"wrsfMethodsOUT_240_0.5_4_VULTURE.est","VULTURE",4,2,240,"no effect"
"wrsfMethodsOUT_240_0.5_4_VULTURE.est1",0.0424476353653597,-0.812608920201201,0.897504190931921,"wRSF","classRasterScram",NA,NA,NA,NA,NA,"wrsfMethodsOUT_240_0.5_4_VULTURE.est1","VULTURE",4,2,240,"no effect"
"wrsfMethodsOUT_240_0.5_4_KINGCOBRA.est",1.52159934128507,-0.366053602492274,3.40925228506241,"wRSF","classRaster",NA,NA,NA,NA,NA,"wrsfMethodsOUT_240_0.5_4_KINGCOBRA.est","KINGCOBRA",4,2,240,"no effect"
"wrsfMethodsOUT_240_0.5_4_KINGCOBRA.est1",0.479155645054054,-0.652387754699484,1.61069904480759,"wRSF","classRasterScram",NA,NA,NA,NA,NA,"wrsfMethodsOUT_240_0.5_4_KINGCOBRA.est1","KINGCOBRA",4,2,240,"no effect"
"wrsfMethodsOUT_240_1_1_BADGER",NA,NA,NA,"wRSF",NA,NA,NA,NA,NA,NA,"wrsfMethodsOUT_240_1_1_BADGER","BADGER",1,1,240,NA
"wrsfMethodsOUT_240_1_1_VULTURE",NA,NA,NA,"wRSF",NA,NA,NA,NA,NA,NA,"wrsfMethodsOUT_240_1_1_VULTURE","VULTURE",1,1,240,NA
"wrsfMethodsOUT_240_1_1_KINGCOBRA",NA,NA,NA,"wRSF",NA,NA,NA,NA,NA,NA,"wrsfMethodsOUT_240_1_1_KINGCOBRA","KINGCOBRA",1,1,240,NA
"wrsfMethodsOUT_240_1_2_BADGER",NA,NA,NA,"wRSF",NA,NA,NA,NA,NA,NA,"wrsfMethodsOUT_240_1_2_BADGER","BADGER",2,1,240,NA
"wrsfMethodsOUT_240_1_2_VULTURE",NA,NA,NA,"wRSF",NA,NA,NA,NA,NA,NA,"wrsfMethodsOUT_240_1_2_VULTURE","VULTURE",2,1,240,NA
"wrsfMethodsOUT_240_1_2_KINGCOBRA",NA,NA,NA,"wRSF",NA,NA,NA,NA,NA,NA,"wrsfMethodsOUT_240_1_2_KINGCOBRA","KINGCOBRA",2,1,240,NA
"wrsfMethodsOUT_240_1_3_BADGER",NA,NA,NA,"wRSF",NA,NA,NA,NA,NA,NA,"wrsfMethodsOUT_240_1_3_BADGER","BADGER",3,1,240,NA
"wrsfMethodsOUT_240_1_3_VULTURE",NA,NA,NA,"wRSF",NA,NA,NA,NA,NA,NA,"wrsfMethodsOUT_240_1_3_VULTURE","VULTURE",3,1,240,NA
"wrsfMethodsOUT_240_1_3_KINGCOBRA",NA,NA,NA,"wRSF",NA,NA,NA,NA,NA,NA,"wrsfMethodsOUT_240_1_3_KINGCOBRA","KINGCOBRA",3,1,240,NA
"wrsfMethodsOUT_240_1_4_BADGER",NA,NA,NA,"wRSF",NA,NA,NA,NA,NA,NA,"wrsfMethodsOUT_240_1_4_BADGER","BADGER",4,1,240,NA
"wrsfMethodsOUT_240_1_4_VULTURE",NA,NA,NA,"wRSF",NA,NA,NA,NA,NA,NA,"wrsfMethodsOUT_240_1_4_VULTURE","VULTURE",4,1,240,NA
"wrsfMethodsOUT_240_1_4_KINGCOBRA",NA,NA,NA,"wRSF",NA,NA,NA,NA,NA,NA,"wrsfMethodsOUT_240_1_4_KINGCOBRA","KINGCOBRA",4,1,240,NA
"wrsfMethodsOUT_240_2_1_BADGER.est",0.591523320492491,-0.383862598920518,1.5669092399055,"wRSF","classRaster",NA,NA,NA,NA,NA,"wrsfMethodsOUT_240_2_1_BADGER.est","BADGER",1,0.5,240,"no effect"
"wrsfMethodsOUT_240_2_1_BADGER.est1",0.827977470018162,0.0619265459717824,1.59402839406454,"wRSF","classRasterScram",NA,NA,NA,NA,NA,"wrsfMethodsOUT_240_2_1_BADGER.est1","BADGER",1,0.5,240,"preference"
"wrsfMethodsOUT_240_2_1_VULTURE.est",-0.248196470858914,-1.02608899081538,0.529696049097553,"wRSF","classRaster",NA,NA,NA,NA,NA,"wrsfMethodsOUT_240_2_1_VULTURE.est","VULTURE",1,0.5,240,"no effect"
"wrsfMethodsOUT_240_2_1_VULTURE.est1",0.0813275072149961,-0.53621685570815,0.698871870138143,"wRSF","classRasterScram",NA,NA,NA,NA,NA,"wrsfMethodsOUT_240_2_1_VULTURE.est1","VULTURE",1,0.5,240,"no effect"
"wrsfMethodsOUT_240_2_1_KINGCOBRA.est",0.168326788998299,-1.09499700119839,1.43165057919499,"wRSF","classRaster",NA,NA,NA,NA,NA,"wrsfMethodsOUT_240_2_1_KINGCOBRA.est","KINGCOBRA",1,0.5,240,"no effect"
"wrsfMethodsOUT_240_2_1_KINGCOBRA.est1",1.90220988540547,0.718287940533811,3.08613183027713,"wRSF","classRasterScram",NA,NA,NA,NA,NA,"wrsfMethodsOUT_240_2_1_KINGCOBRA.est1","KINGCOBRA",1,0.5,240,"preference"
"wrsfMethodsOUT_240_2_2_BADGER.est",0.91086481085268,0.195778426284911,1.62595119542045,"wRSF","classRaster",NA,NA,NA,NA,NA,"wrsfMethodsOUT_240_2_2_BADGER.est","BADGER",2,0.5,240,"preference"
"wrsfMethodsOUT_240_2_2_BADGER.est1",-0.0209569123118834,-0.757530105069804,0.715616280446038,"wRSF","classRasterScram",NA,NA,NA,NA,NA,"wrsfMethodsOUT_240_2_2_BADGER.est1","BADGER",2,0.5,240,"no effect"
"wrsfMethodsOUT_240_2_2_VULTURE.est",0.396195298326311,-0.430611798936306,1.22300239558893,"wRSF","classRaster",NA,NA,NA,NA,NA,"wrsfMethodsOUT_240_2_2_VULTURE.est","VULTURE",2,0.5,240,"no effect"
"wrsfMethodsOUT_240_2_2_VULTURE.est1",0.032364648293117,-0.566604245169644,0.631333541755878,"wRSF","classRasterScram",NA,NA,NA,NA,NA,"wrsfMethodsOUT_240_2_2_VULTURE.est1","VULTURE",2,0.5,240,"no effect"
"wrsfMethodsOUT_240_2_2_KINGCOBRA.est",0.427824011270199,-0.591559996441177,1.44720801898157,"wRSF","classRaster",NA,NA,NA,NA,NA,"wrsfMethodsOUT_240_2_2_KINGCOBRA.est","KINGCOBRA",2,0.5,240,"no effect"
"wrsfMethodsOUT_240_2_2_KINGCOBRA.est1",1.07395209463043,0.0314189868231833,2.11648520243767,"wRSF","classRasterScram",NA,NA,NA,NA,NA,"wrsfMethodsOUT_240_2_2_KINGCOBRA.est1","KINGCOBRA",2,0.5,240,"preference"
"wrsfMethodsOUT_240_2_3_BADGER.est",0.466700088966455,-0.365659732553239,1.29905991048615,"wRSF","classRaster",NA,NA,NA,NA,NA,"wrsfMethodsOUT_240_2_3_BADGER.est","BADGER",3,0.5,240,"no effect"
"wrsfMethodsOUT_240_2_3_BADGER.est1",0.349618126905315,-0.533484738992246,1.23272099280288,"wRSF","classRasterScram",NA,NA,NA,NA,NA,"wrsfMethodsOUT_240_2_3_BADGER.est1","BADGER",3,0.5,240,"no effect"
"wrsfMethodsOUT_240_2_3_VULTURE.est",-0.000491472866407959,-0.693653773510895,0.69267082777808,"wRSF","classRaster",NA,NA,NA,NA,NA,"wrsfMethodsOUT_240_2_3_VULTURE.est","VULTURE",3,0.5,240,"no effect"
"wrsfMethodsOUT_240_2_3_VULTURE.est1",-0.191592521610557,-0.750036425278778,0.366851382057664,"wRSF","classRasterScram",NA,NA,NA,NA,NA,"wrsfMethodsOUT_240_2_3_VULTURE.est1","VULTURE",3,0.5,240,"no effect"
"wrsfMethodsOUT_240_2_3_KINGCOBRA.est",-1.18074593461657,-2.8204371370286,0.458945267795458,"wRSF","classRaster",NA,NA,NA,NA,NA,"wrsfMethodsOUT_240_2_3_KINGCOBRA.est","KINGCOBRA",3,0.5,240,"no effect"
"wrsfMethodsOUT_240_2_3_KINGCOBRA.est1",1.46522252354382,0.396104160938569,2.53434088614908,"wRSF","classRasterScram",NA,NA,NA,NA,NA,"wrsfMethodsOUT_240_2_3_KINGCOBRA.est1","KINGCOBRA",3,0.5,240,"preference"
"wrsfMethodsOUT_240_2_4_BADGER.est",0.793872290884266,0.103968104645405,1.48377647712313,"wRSF","classRaster",NA,NA,NA,NA,NA,"wrsfMethodsOUT_240_2_4_BADGER.est","BADGER",4,0.5,240,"preference"
"wrsfMethodsOUT_240_2_4_BADGER.est1",-0.46028759756803,-1.0206722366086,0.10009704147254,"wRSF","classRasterScram",NA,NA,NA,NA,NA,"wrsfMethodsOUT_240_2_4_BADGER.est1","BADGER",4,0.5,240,"no effect"
"wrsfMethodsOUT_240_2_4_VULTURE.est",0.676430464547602,-0.128588823176969,1.48144975227217,"wRSF","classRaster",NA,NA,NA,NA,NA,"wrsfMethodsOUT_240_2_4_VULTURE.est","VULTURE",4,0.5,240,"no effect"
"wrsfMethodsOUT_240_2_4_VULTURE.est1",-0.0495140515234304,-0.759187476220767,0.660159373173906,"wRSF","classRasterScram",NA,NA,NA,NA,NA,"wrsfMethodsOUT_240_2_4_VULTURE.est1","VULTURE",4,0.5,240,"no effect"
"wrsfMethodsOUT_240_2_4_KINGCOBRA.est",1.65320857520172,-0.10659188173277,3.41300903213622,"wRSF","classRaster",NA,NA,NA,NA,NA,"wrsfMethodsOUT_240_2_4_KINGCOBRA.est","KINGCOBRA",4,0.5,240,"no effect"
"wrsfMethodsOUT_240_2_4_KINGCOBRA.est1",0.366715901065744,-0.620940392403697,1.35437219453519,"wRSF","classRasterScram",NA,NA,NA,NA,NA,"wrsfMethodsOUT_240_2_4_KINGCOBRA.est1","KINGCOBRA",4,0.5,240,"no effect"
"wrsfMethodsOUT_240_6_1_BADGER",NA,NA,NA,"wRSF",NA,NA,NA,NA,NA,NA,"wrsfMethodsOUT_240_6_1_BADGER","BADGER",1,0.166666666666667,240,NA
"wrsfMethodsOUT_240_6_1_VULTURE",NA,NA,NA,"wRSF",NA,NA,NA,NA,NA,NA,"wrsfMethodsOUT_240_6_1_VULTURE","VULTURE",1,0.166666666666667,240,NA
"wrsfMethodsOUT_240_6_1_KINGCOBRA",NA,NA,NA,"wRSF",NA,NA,NA,NA,NA,NA,"wrsfMethodsOUT_240_6_1_KINGCOBRA","KINGCOBRA",1,0.166666666666667,240,NA
"wrsfMethodsOUT_240_6_2_BADGER",NA,NA,NA,"wRSF",NA,NA,NA,NA,NA,NA,"wrsfMethodsOUT_240_6_2_BADGER","BADGER",2,0.166666666666667,240,NA
"wrsfMethodsOUT_240_6_2_VULTURE",NA,NA,NA,"wRSF",NA,NA,NA,NA,NA,NA,"wrsfMethodsOUT_240_6_2_VULTURE","VULTURE",2,0.166666666666667,240,NA
"wrsfMethodsOUT_240_6_2_KINGCOBRA",NA,NA,NA,"wRSF",NA,NA,NA,NA,NA,NA,"wrsfMethodsOUT_240_6_2_KINGCOBRA","KINGCOBRA",2,0.166666666666667,240,NA
"wrsfMethodsOUT_240_6_3_BADGER",NA,NA,NA,"wRSF",NA,NA,NA,NA,NA,NA,"wrsfMethodsOUT_240_6_3_BADGER","BADGER",3,0.166666666666667,240,NA
"wrsfMethodsOUT_240_6_3_VULTURE",NA,NA,NA,"wRSF",NA,NA,NA,NA,NA,NA,"wrsfMethodsOUT_240_6_3_VULTURE","VULTURE",3,0.166666666666667,240,NA
"wrsfMethodsOUT_240_6_3_KINGCOBRA",NA,NA,NA,"wRSF",NA,NA,NA,NA,NA,NA,"wrsfMethodsOUT_240_6_3_KINGCOBRA","KINGCOBRA",3,0.166666666666667,240,NA
"wrsfMethodsOUT_240_6_4_BADGER",NA,NA,NA,"wRSF",NA,NA,NA,NA,NA,NA,"wrsfMethodsOUT_240_6_4_BADGER","BADGER",4,0.166666666666667,240,NA
"wrsfMethodsOUT_240_6_4_VULTURE",NA,NA,NA,"wRSF",NA,NA,NA,NA,NA,NA,"wrsfMethodsOUT_240_6_4_VULTURE","VULTURE",4,0.166666666666667,240,NA
"wrsfMethodsOUT_240_6_4_KINGCOBRA",NA,NA,NA,"wRSF",NA,NA,NA,NA,NA,NA,"wrsfMethodsOUT_240_6_4_KINGCOBRA","KINGCOBRA",4,0.166666666666667,240,NA
"wrsfMethodsOUT_240_12_1_BADGER.est",0.511938592067546,-0.565428549237066,1.58930573337216,"wRSF","classRaster",NA,NA,NA,NA,NA,"wrsfMethodsOUT_240_12_1_BADGER.est","BADGER",1,0.0833333333333333,240,"no effect"
"wrsfMethodsOUT_240_12_1_BADGER.est1",1.13529834559972,0.169765940647238,2.10083075055219,"wRSF","classRasterScram",NA,NA,NA,NA,NA,"wrsfMethodsOUT_240_12_1_BADGER.est1","BADGER",1,0.0833333333333333,240,"preference"
"wrsfMethodsOUT_240_12_1_VULTURE.est",1.08243775112921,-0.443242242826137,2.60811774508456,"wRSF","classRaster",NA,NA,NA,NA,NA,"wrsfMethodsOUT_240_12_1_VULTURE.est","VULTURE",1,0.0833333333333333,240,"no effect"
"wrsfMethodsOUT_240_12_1_VULTURE.est1",-0.170299069911405,-0.921504556487668,0.580906416664858,"wRSF","classRasterScram",NA,NA,NA,NA,NA,"wrsfMethodsOUT_240_12_1_VULTURE.est1","VULTURE",1,0.0833333333333333,240,"no effect"
"wrsfMethodsOUT_240_12_1_KINGCOBRA.est",0.415699196446892,-1.00022166342962,1.8316200563234,"wRSF","classRaster",NA,NA,NA,NA,NA,"wrsfMethodsOUT_240_12_1_KINGCOBRA.est","KINGCOBRA",1,0.0833333333333333,240,"no effect"
"wrsfMethodsOUT_240_12_1_KINGCOBRA.est1",1.77785104391695,0.55833040852232,2.99737167931157,"wRSF","classRasterScram",NA,NA,NA,NA,NA,"wrsfMethodsOUT_240_12_1_KINGCOBRA.est1","KINGCOBRA",1,0.0833333333333333,240,"preference"
"wrsfMethodsOUT_240_12_2_BADGER.est",0.844932064857457,-0.00877780196855815,1.69864193168347,"wRSF","classRaster",NA,NA,NA,NA,NA,"wrsfMethodsOUT_240_12_2_BADGER.est","BADGER",2,0.0833333333333333,240,"no effect"
"wrsfMethodsOUT_240_12_2_BADGER.est1",0.0438105937111459,-0.791087808243699,0.878708995665991,"wRSF","classRasterScram",NA,NA,NA,NA,NA,"wrsfMethodsOUT_240_12_2_BADGER.est1","BADGER",2,0.0833333333333333,240,"no effect"
"wrsfMethodsOUT_240_12_2_VULTURE.est",5.37926131361751e-05,-0.787014920014929,0.787122505241202,"wRSF","classRaster",NA,NA,NA,NA,NA,"wrsfMethodsOUT_240_12_2_VULTURE.est","VULTURE",2,0.0833333333333333,240,"no effect"
"wrsfMethodsOUT_240_12_2_VULTURE.est1",-0.464903242232305,-1.08085444274045,0.151047958275843,"wRSF","classRasterScram",NA,NA,NA,NA,NA,"wrsfMethodsOUT_240_12_2_VULTURE.est1","VULTURE",2,0.0833333333333333,240,"no effect"
"wrsfMethodsOUT_240_12_2_KINGCOBRA.est",0.73033666384773,-0.550226794146503,2.01090012184196,"wRSF","classRaster",NA,NA,NA,NA,NA,"wrsfMethodsOUT_240_12_2_KINGCOBRA.est","KINGCOBRA",2,0.0833333333333333,240,"no effect"
"wrsfMethodsOUT_240_12_2_KINGCOBRA.est1",1.6107517373674,0.286488212054716,2.93501526268009,"wRSF","classRasterScram",NA,NA,NA,NA,NA,"wrsfMethodsOUT_240_12_2_KINGCOBRA.est1","KINGCOBRA",2,0.0833333333333333,240,"preference"
"wrsfMethodsOUT_240_12_3_BADGER.est",0.65887319369909,-0.247177663705654,1.56492405110383,"wRSF","classRaster",NA,NA,NA,NA,NA,"wrsfMethodsOUT_240_12_3_BADGER.est","BADGER",3,0.0833333333333333,240,"no effect"
"wrsfMethodsOUT_240_12_3_BADGER.est1",0.16105104333645,-0.687231489770918,1.00933357644382,"wRSF","classRasterScram",NA,NA,NA,NA,NA,"wrsfMethodsOUT_240_12_3_BADGER.est1","BADGER",3,0.0833333333333333,240,"no effect"
"wrsfMethodsOUT_240_12_3_VULTURE.est",0.156670984142086,-0.706715208676193,1.02005717696036,"wRSF","classRaster",NA,NA,NA,NA,NA,"wrsfMethodsOUT_240_12_3_VULTURE.est","VULTURE",3,0.0833333333333333,240,"no effect"
"wrsfMethodsOUT_240_12_3_VULTURE.est1",-0.160296286295099,-0.830319760842437,0.50972718825224,"wRSF","classRasterScram",NA,NA,NA,NA,NA,"wrsfMethodsOUT_240_12_3_VULTURE.est1","VULTURE",3,0.0833333333333333,240,"no effect"
"wrsfMethodsOUT_240_12_3_KINGCOBRA.est",-0.931455618151411,-2.96922024323885,1.10630900693603,"wRSF","classRaster",NA,NA,NA,NA,NA,"wrsfMethodsOUT_240_12_3_KINGCOBRA.est","KINGCOBRA",3,0.0833333333333333,240,"no effect"
"wrsfMethodsOUT_240_12_3_KINGCOBRA.est1",1.47985566490086,0.206001983605888,2.75370934619583,"wRSF","classRasterScram",NA,NA,NA,NA,NA,"wrsfMethodsOUT_240_12_3_KINGCOBRA.est1","KINGCOBRA",3,0.0833333333333333,240,"preference"
"wrsfMethodsOUT_240_12_4_BADGER.est",0.508085661345625,-0.257817092969303,1.27398841566055,"wRSF","classRaster",NA,NA,NA,NA,NA,"wrsfMethodsOUT_240_12_4_BADGER.est","BADGER",4,0.0833333333333333,240,"no effect"
"wrsfMethodsOUT_240_12_4_BADGER.est1",-0.0637536597442212,-0.805067995455734,0.677560675967291,"wRSF","classRasterScram",NA,NA,NA,NA,NA,"wrsfMethodsOUT_240_12_4_BADGER.est1","BADGER",4,0.0833333333333333,240,"no effect"
"wrsfMethodsOUT_240_12_4_VULTURE.est",1.01347757921619,0.0268352489016844,2.0001199095307,"wRSF","classRaster",NA,NA,NA,NA,NA,"wrsfMethodsOUT_240_12_4_VULTURE.est","VULTURE",4,0.0833333333333333,240,"preference"
"wrsfMethodsOUT_240_12_4_VULTURE.est1",-0.0374424592888716,-0.816610664208481,0.741725745630738,"wRSF","classRasterScram",NA,NA,NA,NA,NA,"wrsfMethodsOUT_240_12_4_VULTURE.est1","VULTURE",4,0.0833333333333333,240,"no effect"
"wrsfMethodsOUT_240_12_4_KINGCOBRA.est",1.2482063528189,-0.330239183002774,2.82665188864058,"wRSF","classRaster",NA,NA,NA,NA,NA,"wrsfMethodsOUT_240_12_4_KINGCOBRA.est","KINGCOBRA",4,0.0833333333333333,240,"no effect"
"wrsfMethodsOUT_240_12_4_KINGCOBRA.est1",0.337902942326723,-0.693291507699579,1.36909739235303,"wRSF","classRasterScram",NA,NA,NA,NA,NA,"wrsfMethodsOUT_240_12_4_KINGCOBRA.est1","KINGCOBRA",4,0.0833333333333333,240,"no effect"
"wrsfMethodsOUT_240_24_1_BADGER",NA,NA,NA,"wRSF",NA,NA,NA,NA,NA,NA,"wrsfMethodsOUT_240_24_1_BADGER","BADGER",1,0.0416666666666667,240,NA
"wrsfMethodsOUT_240_24_1_VULTURE",NA,NA,NA,"wRSF",NA,NA,NA,NA,NA,NA,"wrsfMethodsOUT_240_24_1_VULTURE","VULTURE",1,0.0416666666666667,240,NA
"wrsfMethodsOUT_240_24_1_KINGCOBRA",NA,NA,NA,"wRSF",NA,NA,NA,NA,NA,NA,"wrsfMethodsOUT_240_24_1_KINGCOBRA","KINGCOBRA",1,0.0416666666666667,240,NA
"wrsfMethodsOUT_240_24_2_BADGER",NA,NA,NA,"wRSF",NA,NA,NA,NA,NA,NA,"wrsfMethodsOUT_240_24_2_BADGER","BADGER",2,0.0416666666666667,240,NA
"wrsfMethodsOUT_240_24_2_VULTURE",NA,NA,NA,"wRSF",NA,NA,NA,NA,NA,NA,"wrsfMethodsOUT_240_24_2_VULTURE","VULTURE",2,0.0416666666666667,240,NA
"wrsfMethodsOUT_240_24_2_KINGCOBRA",NA,NA,NA,"wRSF",NA,NA,NA,NA,NA,NA,"wrsfMethodsOUT_240_24_2_KINGCOBRA","KINGCOBRA",2,0.0416666666666667,240,NA
"wrsfMethodsOUT_240_24_3_BADGER",NA,NA,NA,"wRSF",NA,NA,NA,NA,NA,NA,"wrsfMethodsOUT_240_24_3_BADGER","BADGER",3,0.0416666666666667,240,NA
"wrsfMethodsOUT_240_24_3_VULTURE",NA,NA,NA,"wRSF",NA,NA,NA,NA,NA,NA,"wrsfMethodsOUT_240_24_3_VULTURE","VULTURE",3,0.0416666666666667,240,NA
"wrsfMethodsOUT_240_24_3_KINGCOBRA",NA,NA,NA,"wRSF",NA,NA,NA,NA,NA,NA,"wrsfMethodsOUT_240_24_3_KINGCOBRA","KINGCOBRA",3,0.0416666666666667,240,NA
"wrsfMethodsOUT_240_24_4_BADGER",NA,NA,NA,"wRSF",NA,NA,NA,NA,NA,NA,"wrsfMethodsOUT_240_24_4_BADGER","BADGER",4,0.0416666666666667,240,NA
"wrsfMethodsOUT_240_24_4_VULTURE",NA,NA,NA,"wRSF",NA,NA,NA,NA,NA,NA,"wrsfMethodsOUT_240_24_4_VULTURE","VULTURE",4,0.0416666666666667,240,NA
"wrsfMethodsOUT_240_24_4_KINGCOBRA",NA,NA,NA,"wRSF",NA,NA,NA,NA,NA,NA,"wrsfMethodsOUT_240_24_4_KINGCOBRA","KINGCOBRA",4,0.0416666666666667,240,NA
"wrsfMethodsOUT_240_48_1_BADGER.est",0.630335259341181,-1.24332052591132,2.50399104459369,"wRSF","classRaster",NA,NA,NA,NA,NA,"wrsfMethodsOUT_240_48_1_BADGER.est","BADGER",1,0.0208333333333333,240,"no effect"
"wrsfMethodsOUT_240_48_1_BADGER.est1",0.414830185115964,-1.13239757832908,1.96205794856101,"wRSF","classRasterScram",NA,NA,NA,NA,NA,"wrsfMethodsOUT_240_48_1_BADGER.est1","BADGER",1,0.0208333333333333,240,"no effect"
"wrsfMethodsOUT_240_48_1_VULTURE.est",1.05393802290703,-1.19531587139684,3.30319191721091,"wRSF","classRaster",NA,NA,NA,NA,NA,"wrsfMethodsOUT_240_48_1_VULTURE.est","VULTURE",1,0.0208333333333333,240,"no effect"
"wrsfMethodsOUT_240_48_1_VULTURE.est1",1.17875511120622,-0.675329092045256,3.0328393144577,"wRSF","classRasterScram",NA,NA,NA,NA,NA,"wrsfMethodsOUT_240_48_1_VULTURE.est1","VULTURE",1,0.0208333333333333,240,"no effect"
"wrsfMethodsOUT_240_48_1_KINGCOBRA.est",-1.29835993253843,-2.62266003287166,0.0259401677948086,"wRSF","classRaster",NA,NA,NA,NA,NA,"wrsfMethodsOUT_240_48_1_KINGCOBRA.est","KINGCOBRA",1,0.0208333333333333,240,"no effect"
"wrsfMethodsOUT_240_48_1_KINGCOBRA.est1",0.974024374491381,-0.69974167913516,2.64779042811792,"wRSF","classRasterScram",NA,NA,NA,NA,NA,"wrsfMethodsOUT_240_48_1_KINGCOBRA.est1","KINGCOBRA",1,0.0208333333333333,240,"no effect"
"wrsfMethodsOUT_240_48_2_BADGER.est",-0.455806651067115,-1.48468074700689,0.573067444872659,"wRSF","classRaster",NA,NA,NA,NA,NA,"wrsfMethodsOUT_240_48_2_BADGER.est","BADGER",2,0.0208333333333333,240,"no effect"
"wrsfMethodsOUT_240_48_2_BADGER.est1",-0.43358786401231,-1.69302618718936,0.825850459164738,"wRSF","classRasterScram",NA,NA,NA,NA,NA,"wrsfMethodsOUT_240_48_2_BADGER.est1","BADGER",2,0.0208333333333333,240,"no effect"
"wrsfMethodsOUT_240_48_2_VULTURE.est",-0.288282326503581,-1.61296858324717,1.03640393024001,"wRSF","classRaster",NA,NA,NA,NA,NA,"wrsfMethodsOUT_240_48_2_VULTURE.est","VULTURE",2,0.0208333333333333,240,"no effect"
"wrsfMethodsOUT_240_48_2_VULTURE.est1",-0.256400328021057,-1.64001375937706,1.12721310333495,"wRSF","classRasterScram",NA,NA,NA,NA,NA,"wrsfMethodsOUT_240_48_2_VULTURE.est1","VULTURE",2,0.0208333333333333,240,"no effect"
"wrsfMethodsOUT_240_48_2_KINGCOBRA.est",-0.000239870680717537,-1.62106223299313,1.6205824916317,"wRSF","classRaster",NA,NA,NA,NA,NA,"wrsfMethodsOUT_240_48_2_KINGCOBRA.est","KINGCOBRA",2,0.0208333333333333,240,"no effect"
"wrsfMethodsOUT_240_48_2_KINGCOBRA.est1",-0.710498785762949,-1.85430980234434,0.433312230818441,"wRSF","classRasterScram",NA,NA,NA,NA,NA,"wrsfMethodsOUT_240_48_2_KINGCOBRA.est1","KINGCOBRA",2,0.0208333333333333,240,"no effect"
"wrsfMethodsOUT_240_48_3_BADGER.est",-0.65951760035702,-1.66773214411488,0.348696943400838,"wRSF","classRaster",NA,NA,NA,NA,NA,"wrsfMethodsOUT_240_48_3_BADGER.est","BADGER",3,0.0208333333333333,240,"no effect"
"wrsfMethodsOUT_240_48_3_BADGER.est1",-0.0966767384784803,-1.49266575840699,1.29931228145003,"wRSF","classRasterScram",NA,NA,NA,NA,NA,"wrsfMethodsOUT_240_48_3_BADGER.est1","BADGER",3,0.0208333333333333,240,"no effect"
"wrsfMethodsOUT_240_48_3_VULTURE.est",-0.0093988189993504,-1.378688944266,1.3598913062673,"wRSF","classRaster",NA,NA,NA,NA,NA,"wrsfMethodsOUT_240_48_3_VULTURE.est","VULTURE",3,0.0208333333333333,240,"no effect"
"wrsfMethodsOUT_240_48_3_VULTURE.est1",-0.358132534706485,-1.66956898752887,0.953303918115903,"wRSF","classRasterScram",NA,NA,NA,NA,NA,"wrsfMethodsOUT_240_48_3_VULTURE.est1","VULTURE",3,0.0208333333333333,240,"no effect"
"wrsfMethodsOUT_240_48_3_KINGCOBRA.est",-1.84082108212014,-4.34991773518123,0.668275570940949,"wRSF","classRaster",NA,NA,NA,NA,NA,"wrsfMethodsOUT_240_48_3_KINGCOBRA.est","KINGCOBRA",3,0.0208333333333333,240,"no effect"
"wrsfMethodsOUT_240_48_3_KINGCOBRA.est1",0.779541090086124,-0.895497092391524,2.45457927256377,"wRSF","classRasterScram",NA,NA,NA,NA,NA,"wrsfMethodsOUT_240_48_3_KINGCOBRA.est1","KINGCOBRA",3,0.0208333333333333,240,"no effect"
"wrsfMethodsOUT_240_48_4_BADGER.est",-0.783828953144874,-1.74341244464587,0.175754538356118,"wRSF","classRaster",NA,NA,NA,NA,NA,"wrsfMethodsOUT_240_48_4_BADGER.est","BADGER",4,0.0208333333333333,240,"no effect"
"wrsfMethodsOUT_240_48_4_BADGER.est1",-0.00298104118852023,-1.42130393002676,1.41534184764972,"wRSF","classRasterScram",NA,NA,NA,NA,NA,"wrsfMethodsOUT_240_48_4_BADGER.est1","BADGER",4,0.0208333333333333,240,"no effect"
"wrsfMethodsOUT_240_48_4_VULTURE.est",-0.298059616123473,-1.35232120492295,0.756201972676007,"wRSF","classRaster",NA,NA,NA,NA,NA,"wrsfMethodsOUT_240_48_4_VULTURE.est","VULTURE",4,0.0208333333333333,240,"no effect"
"wrsfMethodsOUT_240_48_4_VULTURE.est1",0.01096871361942,-1.35154169402838,1.37347912126722,"wRSF","classRasterScram",NA,NA,NA,NA,NA,"wrsfMethodsOUT_240_48_4_VULTURE.est1","VULTURE",4,0.0208333333333333,240,"no effect"
"wrsfMethodsOUT_240_48_4_KINGCOBRA.est",2.69734040126451,-2.70428424033723,8.09896504286626,"wRSF","classRaster",NA,NA,NA,NA,NA,"wrsfMethodsOUT_240_48_4_KINGCOBRA.est","KINGCOBRA",4,0.0208333333333333,240,"no effect"
"wrsfMethodsOUT_240_48_4_KINGCOBRA.est1",0.0483211769164247,-1.46197481599142,1.55861716982427,"wRSF","classRasterScram",NA,NA,NA,NA,NA,"wrsfMethodsOUT_240_48_4_KINGCOBRA.est1","KINGCOBRA",4,0.0208333333333333,240,"no effect"
"wrsfMethodsOUT_240_168_1_BADGER",NA,NA,NA,"wRSF",NA,NA,NA,NA,NA,NA,"wrsfMethodsOUT_240_168_1_BADGER","BADGER",1,0.00595238095238095,240,NA
"wrsfMethodsOUT_240_168_1_VULTURE",NA,NA,NA,"wRSF",NA,NA,NA,NA,NA,NA,"wrsfMethodsOUT_240_168_1_VULTURE","VULTURE",1,0.00595238095238095,240,NA
"wrsfMethodsOUT_240_168_1_KINGCOBRA",NA,NA,NA,"wRSF",NA,NA,NA,NA,NA,NA,"wrsfMethodsOUT_240_168_1_KINGCOBRA","KINGCOBRA",1,0.00595238095238095,240,NA
"wrsfMethodsOUT_240_168_2_BADGER",NA,NA,NA,"wRSF",NA,NA,NA,NA,NA,NA,"wrsfMethodsOUT_240_168_2_BADGER","BADGER",2,0.00595238095238095,240,NA
"wrsfMethodsOUT_240_168_2_VULTURE",NA,NA,NA,"wRSF",NA,NA,NA,NA,NA,NA,"wrsfMethodsOUT_240_168_2_VULTURE","VULTURE",2,0.00595238095238095,240,NA
"wrsfMethodsOUT_240_168_2_KINGCOBRA",NA,NA,NA,"wRSF",NA,NA,NA,NA,NA,NA,"wrsfMethodsOUT_240_168_2_KINGCOBRA","KINGCOBRA",2,0.00595238095238095,240,NA
"wrsfMethodsOUT_240_168_3_BADGER",NA,NA,NA,"wRSF",NA,NA,NA,NA,NA,NA,"wrsfMethodsOUT_240_168_3_BADGER","BADGER",3,0.00595238095238095,240,NA
"wrsfMethodsOUT_240_168_3_VULTURE",NA,NA,NA,"wRSF",NA,NA,NA,NA,NA,NA,"wrsfMethodsOUT_240_168_3_VULTURE","VULTURE",3,0.00595238095238095,240,NA
"wrsfMethodsOUT_240_168_3_KINGCOBRA",NA,NA,NA,"wRSF",NA,NA,NA,NA,NA,NA,"wrsfMethodsOUT_240_168_3_KINGCOBRA","KINGCOBRA",3,0.00595238095238095,240,NA
"wrsfMethodsOUT_240_168_4_BADGER",NA,NA,NA,"wRSF",NA,NA,NA,NA,NA,NA,"wrsfMethodsOUT_240_168_4_BADGER","BADGER",4,0.00595238095238095,240,NA
"wrsfMethodsOUT_240_168_4_VULTURE",NA,NA,NA,"wRSF",NA,NA,NA,NA,NA,NA,"wrsfMethodsOUT_240_168_4_VULTURE","VULTURE",4,0.00595238095238095,240,NA
"wrsfMethodsOUT_240_168_4_KINGCOBRA",NA,NA,NA,"wRSF",NA,NA,NA,NA,NA,NA,"wrsfMethodsOUT_240_168_4_KINGCOBRA","KINGCOBRA",4,0.00595238095238095,240,NA
